event,ba,detector,peak_time,window_hours,flagged,flagged_share,peak_flagged,injected_in_window,recall_in_window,precision_adj_in_window
uri,AEC,sentinel_v3,2021-02-17T06:00:00,73,0,0.0,False,19,1.0,1.0
uri,AEC,sentinel_v3_distance_neighbors,2021-02-17T06:00:00,73,0,0.0,False,19,1.0,1.0
uri,AEC,sentinel_v3_profile_neighbors,2021-02-17T06:00:00,73,0,0.0,False,19,1.0,1.0
uri,AEC,sentinel_v3_profile_weather,2021-02-17T06:00:00,73,0,0.0,False,19,1.0,1.0
uri,AEC,sentinel_v3_regime_only,2021-02-17T06:00:00,73,0,0.0,False,19,1.0,1.0
uri,AEC,sentinel_v2,2021-02-17T06:00:00,73,0,0.0,False,19,1.0,1.0
uri,AEC,modified_zscore,2021-02-17T06:00:00,73,0,0.0,False,19,1.0,1.0
uri,AEC,relative_deviation,2021-02-17T06:00:00,73,0,0.0,False,19,0.3157894736842105,0.75
uri,AEC,teda_level,2021-02-17T06:00:00,73,0,0.0,False,19,1.0,1.0
uri,AEC,autoencoder,2021-02-17T06:00:00,73,5,0.0684931506849315,True,19,1.0,0.875
uri,AECI,sentinel_v3,2021-02-15T18:00:00,73,0,0.0,False,2,1.0,1.0
uri,AECI,sentinel_v3_distance_neighbors,2021-02-15T18:00:00,73,0,0.0,False,2,1.0,1.0
uri,AECI,sentinel_v3_profile_neighbors,2021-02-15T18:00:00,73,0,0.0,False,2,1.0,1.0
uri,AECI,sentinel_v3_profile_weather,2021-02-15T18:00:00,73,0,0.0,False,2,1.0,1.0
uri,AECI,sentinel_v3_regime_only,2021-02-15T18:00:00,73,0,0.0,False,2,1.0,1.0
uri,AECI,sentinel_v2,2021-02-15T18:00:00,73,0,0.0,False,2,1.0,1.0
uri,AECI,modified_zscore,2021-02-15T18:00:00,73,51,0.6986301369863014,True,2,1.0,0.03773584905660377
uri,AECI,relative_deviation,2021-02-15T18:00:00,73,0,0.0,False,2,1.0,0.6666666666666666
uri,AECI,teda_level,2021-02-15T18:00:00,73,0,0.0,False,2,1.0,1.0
uri,AECI,autoencoder,2021-02-15T18:00:00,73,47,0.6438356164383562,True,2,1.0,0.5714285714285714
uri,AVA,sentinel_v3,2021-02-18T07:00:00,73,0,0.0,False,10,1.0,1.0
uri,AVA,sentinel_v3_distance_neighbors,2021-02-18T07:00:00,73,0,0.0,False,10,1.0,1.0
uri,AVA,sentinel_v3_profile_neighbors,2021-02-18T07:00:00,73,0,0.0,False,10,1.0,1.0
uri,AVA,sentinel_v3_profile_weather,2021-02-18T07:00:00,73,0,0.0,False,10,1.0,1.0
uri,AVA,sentinel_v3_regime_only,2021-02-18T07:00:00,73,0,0.0,False,10,1.0,1.0
uri,AVA,sentinel_v2,2021-02-18T07:00:00,73,0,0.0,False,10,1.0,1.0
uri,AVA,modified_zscore,2021-02-18T07:00:00,73,0,0.0,False,10,0.0,0.0
uri,AVA,relative_deviation,2021-02-18T07:00:00,73,0,0.0,False,10,0.0,0.0
uri,AVA,teda_level,2021-02-18T07:00:00,73,0,0.0,False,10,0.0,0.0
uri,AVA,autoencoder,2021-02-18T07:00:00,73,0,0.0,False,10,0.0,0.0
uri,AZPS,sentinel_v3,2021-02-18T07:00:00,73,0,0.0,False,1,1.0,1.0
uri,AZPS,sentinel_v3_distance_neighbors,2021-02-18T07:00:00,73,0,0.0,False,1,1.0,1.0
uri,AZPS,sentinel_v3_profile_neighbors,2021-02-18T07:00:00,73,0,0.0,False,1,1.0,1.0
uri,AZPS,sentinel_v3_profile_weather,2021-02-18T07:00:00,73,0,0.0,False,1,1.0,1.0
uri,AZPS,sentinel_v3_regime_only,2021-02-18T07:00:00,73,0,0.0,False,1,1.0,1.0
uri,AZPS,sentinel_v2,2021-02-18T07:00:00,73,0,0.0,False,1,1.0,1.0
uri,AZPS,modified_zscore,2021-02-18T07:00:00,73,0,0.0,False,1,1.0,1.0
uri,AZPS,relative_deviation,2021-02-18T07:00:00,73,0,0.0,False,1,1.0,1.0
uri,AZPS,teda_level,2021-02-18T07:00:00,73,0,0.0,False,1,1.0,1.0
uri,AZPS,autoencoder,2021-02-18T07:00:00,73,0,0.0,False,1,1.0,1.0
uri,BANC,sentinel_v3,2021-02-17T18:00:00,73,0,0.0,False,1,1.0,1.0
uri,BANC,sentinel_v3_distance_neighbors,2021-02-17T18:00:00,73,0,0.0,False,1,1.0,1.0
uri,BANC,sentinel_v3_profile_neighbors,2021-02-17T18:00:00,73,0,0.0,False,1,1.0,1.0
uri,BANC,sentinel_v3_profile_weather,2021-02-17T18:00:00,73,0,0.0,False,1,1.0,1.0
uri,BANC,sentinel_v3_regime_only,2021-02-17T18:00:00,73,0,0.0,False,1,1.0,1.0
uri,BANC,sentinel_v2,2021-02-17T18:00:00,73,0,0.0,False,1,1.0,1.0
uri,BANC,modified_zscore,2021-02-17T18:00:00,73,0,0.0,False,1,1.0,1.0
uri,BANC,relative_deviation,2021-02-17T18:00:00,73,0,0.0,False,1,1.0,1.0
uri,BANC,teda_level,2021-02-17T18:00:00,73,0,0.0,False,1,1.0,1.0
uri,BANC,autoencoder,2021-02-17T18:00:00,73,0,0.0,False,1,1.0,1.0
uri,BPAT,sentinel_v3,2021-02-13T08:00:00,73,0,0.0,False,44,1.0,1.0
uri,BPAT,sentinel_v3_distance_neighbors,2021-02-13T08:00:00,73,0,0.0,False,44,1.0,1.0
uri,BPAT,sentinel_v3_profile_neighbors,2021-02-13T08:00:00,73,0,0.0,False,44,1.0,1.0
uri,BPAT,sentinel_v3_profile_weather,2021-02-13T08:00:00,73,0,0.0,False,44,1.0,1.0
uri,BPAT,sentinel_v3_regime_only,2021-02-13T08:00:00,73,0,0.0,False,44,1.0,1.0
uri,BPAT,sentinel_v2,2021-02-13T08:00:00,73,0,0.0,False,44,1.0,1.0
uri,BPAT,modified_zscore,2021-02-13T08:00:00,73,0,0.0,False,44,1.0,1.0
uri,BPAT,relative_deviation,2021-02-13T08:00:00,73,0,0.0,False,44,0.13636363636363635,0.75
uri,BPAT,teda_level,2021-02-13T08:00:00,73,0,0.0,False,44,1.0,1.0
uri,BPAT,autoencoder,2021-02-13T08:00:00,73,0,0.0,False,44,1.0,0.9387755102040817
uri,CISO,sentinel_v3,2021-02-17T18:00:00,73,0,0.0,False,1,1.0,1.0
uri,CISO,sentinel_v3_distance_neighbors,2021-02-17T18:00:00,73,0,0.0,False,1,1.0,1.0
uri,CISO,sentinel_v3_profile_neighbors,2021-02-17T18:00:00,73,0,0.0,False,1,1.0,1.0
uri,CISO,sentinel_v3_profile_weather,2021-02-17T18:00:00,73,0,0.0,False,1,1.0,1.0
uri,CISO,sentinel_v3_regime_only,2021-02-17T18:00:00,73,0,0.0,False,1,1.0,1.0
uri,CISO,sentinel_v2,2021-02-17T18:00:00,73,0,0.0,False,1,1.0,1.0
uri,CISO,modified_zscore,2021-02-17T18:00:00,73,0,0.0,False,1,0.0,0.0
uri,CISO,relative_deviation,2021-02-17T18:00:00,73,0,0.0,False,1,1.0,1.0
uri,CISO,teda_level,2021-02-17T18:00:00,73,0,0.0,False,1,1.0,1.0
uri,CISO,autoencoder,2021-02-17T18:00:00,73,0,0.0,False,1,1.0,1.0
uri,CPLE,sentinel_v3,2021-02-18T11:00:00,73,0,0.0,False,1,1.0,1.0
uri,CPLE,sentinel_v3_distance_neighbors,2021-02-18T11:00:00,73,0,0.0,False,1,1.0,1.0
uri,CPLE,sentinel_v3_profile_neighbors,2021-02-18T11:00:00,73,0,0.0,False,1,1.0,1.0
uri,CPLE,sentinel_v3_profile_weather,2021-02-18T11:00:00,73,0,0.0,False,1,1.0,1.0
uri,CPLE,sentinel_v3_regime_only,2021-02-18T11:00:00,73,0,0.0,False,1,1.0,1.0
uri,CPLE,sentinel_v2,2021-02-18T11:00:00,73,0,0.0,False,1,1.0,1.0
uri,CPLE,modified_zscore,2021-02-18T11:00:00,73,0,0.0,False,1,0.0,0.0
uri,CPLE,relative_deviation,2021-02-18T11:00:00,73,0,0.0,False,1,1.0,1.0
uri,CPLE,teda_level,2021-02-18T11:00:00,73,0,0.0,False,1,0.0,0.0
uri,CPLE,autoencoder,2021-02-18T11:00:00,73,0,0.0,False,1,1.0,0.5
uri,CPLW,sentinel_v3,2021-02-17T08:00:00,73,0,0.0,False,11,1.0,1.0
uri,CPLW,sentinel_v3_distance_neighbors,2021-02-17T08:00:00,73,0,0.0,False,11,1.0,1.0
uri,CPLW,sentinel_v3_profile_neighbors,2021-02-17T08:00:00,73,0,0.0,False,11,1.0,1.0
uri,CPLW,sentinel_v3_profile_weather,2021-02-17T08:00:00,73,0,0.0,False,11,1.0,1.0
uri,CPLW,sentinel_v3_regime_only,2021-02-17T08:00:00,73,0,0.0,False,11,1.0,1.0
uri,CPLW,sentinel_v2,2021-02-17T08:00:00,73,0,0.0,False,11,1.0,1.0
uri,CPLW,modified_zscore,2021-02-17T08:00:00,73,0,0.0,False,11,0.0,0.0
uri,CPLW,relative_deviation,2021-02-17T08:00:00,73,0,0.0,False,11,0.0,0.0
uri,CPLW,teda_level,2021-02-17T08:00:00,73,0,0.0,False,11,0.0,0.0
uri,CPLW,autoencoder,2021-02-17T08:00:00,73,2,0.0273972602739726,True,11,0.18181818181818182,0.6666666666666666
uri,DUK,sentinel_v3,2021-02-17T07:00:00,73,0,0.0,False,2,1.0,1.0
uri,DUK,sentinel_v3_distance_neighbors,2021-02-17T07:00:00,73,0,0.0,False,2,1.0,1.0
uri,DUK,sentinel_v3_profile_neighbors,2021-02-17T07:00:00,73,0,0.0,False,2,1.0,1.0
uri,DUK,sentinel_v3_profile_weather,2021-02-17T07:00:00,73,0,0.0,False,2,1.0,1.0
uri,DUK,sentinel_v3_regime_only,2021-02-17T07:00:00,73,0,0.0,False,2,1.0,1.0
uri,DUK,sentinel_v2,2021-02-17T07:00:00,73,0,0.0,False,2,1.0,1.0
uri,DUK,modified_zscore,2021-02-17T07:00:00,73,0,0.0,False,2,1.0,1.0
uri,DUK,relative_deviation,2021-02-17T07:00:00,73,0,0.0,False,2,1.0,0.6666666666666666
uri,DUK,teda_level,2021-02-17T07:00:00,73,0,0.0,False,2,1.0,1.0
uri,DUK,autoencoder,2021-02-17T07:00:00,73,0,0.0,False,2,1.0,0.6666666666666666
uri,EPE,sentinel_v3,2021-02-14T19:00:00,73,0,0.0,False,35,1.0,1.0
uri,EPE,sentinel_v3_distance_neighbors,2021-02-14T19:00:00,73,0,0.0,False,35,1.0,1.0
uri,EPE,sentinel_v3_profile_neighbors,2021-02-14T19:00:00,73,0,0.0,False,35,1.0,1.0
uri,EPE,sentinel_v3_profile_weather,2021-02-14T19:00:00,73,0,0.0,False,35,1.0,1.0
uri,EPE,sentinel_v3_regime_only,2021-02-14T19:00:00,73,0,0.0,False,35,1.0,1.0
uri,EPE,sentinel_v2,2021-02-14T19:00:00,73,0,0.0,False,35,1.0,1.0
uri,EPE,modified_zscore,2021-02-14T19:00:00,73,0,0.0,False,35,1.0,1.0
uri,EPE,relative_deviation,2021-02-14T19:00:00,73,0,0.0,False,35,0.17142857142857143,0.75
uri,EPE,teda_level,2021-02-14T19:00:00,73,0,0.0,False,35,1.0,1.0
uri,EPE,autoencoder,2021-02-14T19:00:00,73,0,0.0,False,35,0.8064516129032258,0.8928571428571429
uri,ERCO,sentinel_v3,2021-02-14T19:00:00,73,0,0.0,False,3,1.0,1.0
uri,ERCO,sentinel_v3_distance_neighbors,2021-02-14T19:00:00,73,0,0.0,False,3,1.0,1.0
uri,ERCO,sentinel_v3_profile_neighbors,2021-02-14T19:00:00,73,1,0.0136986301369863,False,3,1.0,0.8
uri,ERCO,sentinel_v3_profile_weather,2021-02-14T19:00:00,73,0,0.0,False,3,1.0,1.0
uri,ERCO,sentinel_v3_regime_only,2021-02-14T19:00:00,73,1,0.0136986301369863,False,3,1.0,0.8
uri,ERCO,sentinel_v2,2021-02-14T19:00:00,73,1,0.0136986301369863,False,3,1.0,0.8
uri,ERCO,modified_zscore,2021-02-14T19:00:00,73,38,0.5205479452054794,True,3,1.0,0.07317073170731707
uri,ERCO,relative_deviation,2021-02-14T19:00:00,73,0,0.0,False,3,1.0,0.7142857142857143
uri,ERCO,teda_level,2021-02-14T19:00:00,73,0,0.0,False,3,1.0,1.0
uri,ERCO,autoencoder,2021-02-14T19:00:00,73,3,0.0410958904109589,False,3,1.0,0.7142857142857143
uri,FMPP,sentinel_v3,2021-02-18T16:00:00,73,0,0.0,False,46,1.0,1.0
uri,FMPP,sentinel_v3_distance_neighbors,2021-02-18T16:00:00,73,0,0.0,False,46,1.0,1.0
uri,FMPP,sentinel_v3_profile_neighbors,2021-02-18T16:00:00,73,0,0.0,False,46,1.0,1.0
uri,FMPP,sentinel_v3_profile_weather,2021-02-18T16:00:00,73,0,0.0,False,46,1.0,1.0
uri,FMPP,sentinel_v3_regime_only,2021-02-18T16:00:00,73,0,0.0,False,46,1.0,1.0
uri,FMPP,sentinel_v2,2021-02-18T16:00:00,73,0,0.0,False,46,1.0,1.0
uri,FMPP,modified_zscore,2021-02-18T16:00:00,73,0,0.0,False,46,1.0,1.0
uri,FMPP,relative_deviation,2021-02-18T16:00:00,73,0,0.0,False,46,0.13043478260869565,0.75
uri,FMPP,teda_level,2021-02-18T16:00:00,73,0,0.0,False,46,0.06666666666666667,1.0
uri,FMPP,autoencoder,2021-02-18T16:00:00,73,0,0.0,False,46,0.0,0.0
uri,FPC,sentinel_v3,2021-02-18T16:00:00,73,0,0.0,False,2,1.0,1.0
uri,FPC,sentinel_v3_distance_neighbors,2021-02-18T16:00:00,73,0,0.0,False,2,1.0,1.0
uri,FPC,sentinel_v3_profile_neighbors,2021-02-18T16:00:00,73,0,0.0,False,2,1.0,1.0
uri,FPC,sentinel_v3_profile_weather,2021-02-18T16:00:00,73,0,0.0,False,2,1.0,1.0
uri,FPC,sentinel_v3_regime_only,2021-02-18T16:00:00,73,0,0.0,False,2,1.0,1.0
uri,FPC,sentinel_v2,2021-02-18T16:00:00,73,0,0.0,False,2,1.0,1.0
uri,FPC,modified_zscore,2021-02-18T16:00:00,73,0,0.0,False,2,1.0,1.0
uri,FPC,relative_deviation,2021-02-18T16:00:00,73,0,0.0,False,2,1.0,0.6666666666666666
uri,FPC,teda_level,2021-02-18T16:00:00,73,0,0.0,False,2,1.0,1.0
uri,FPC,autoencoder,2021-02-18T16:00:00,73,0,0.0,False,2,1.0,0.5714285714285714
uri,FPL,sentinel_v3,2021-02-18T16:00:00,73,0,0.0,False,8,1.0,1.0
uri,FPL,sentinel_v3_distance_neighbors,2021-02-18T16:00:00,73,0,0.0,False,8,1.0,1.0
uri,FPL,sentinel_v3_profile_neighbors,2021-02-18T16:00:00,73,0,0.0,False,8,1.0,1.0
uri,FPL,sentinel_v3_profile_weather,2021-02-18T16:00:00,73,0,0.0,False,8,1.0,1.0
uri,FPL,sentinel_v3_regime_only,2021-02-18T16:00:00,73,0,0.0,False,8,1.0,1.0
uri,FPL,sentinel_v2,2021-02-18T16:00:00,73,0,0.0,False,8,1.0,1.0
uri,FPL,modified_zscore,2021-02-18T16:00:00,73,0,0.0,False,8,1.0,1.0
uri,FPL,relative_deviation,2021-02-18T16:00:00,73,0,0.0,False,8,0.75,0.75
uri,FPL,teda_level,2021-02-18T16:00:00,73,0,0.0,False,8,1.0,1.0
uri,FPL,autoencoder,2021-02-18T16:00:00,73,0,0.0,False,8,1.0,0.7142857142857143
uri,GCPD,sentinel_v3,2021-02-18T07:00:00,73,0,0.0,False,6,1.0,1.0
uri,GCPD,sentinel_v3_distance_neighbors,2021-02-18T07:00:00,73,0,0.0,False,6,1.0,1.0
uri,GCPD,sentinel_v3_profile_neighbors,2021-02-18T07:00:00,73,0,0.0,False,6,1.0,1.0
uri,GCPD,sentinel_v3_profile_weather,2021-02-18T07:00:00,73,0,0.0,False,6,1.0,1.0
uri,GCPD,sentinel_v3_regime_only,2021-02-18T07:00:00,73,0,0.0,False,6,1.0,1.0
uri,GCPD,sentinel_v2,2021-02-18T07:00:00,73,0,0.0,False,6,1.0,1.0
uri,GCPD,modified_zscore,2021-02-18T07:00:00,73,0,0.0,False,6,0.0,0.0
uri,GCPD,relative_deviation,2021-02-18T07:00:00,73,0,0.0,False,6,0.0,0.0
uri,GCPD,teda_level,2021-02-18T07:00:00,73,0,0.0,False,6,0.0,0.0
uri,GCPD,autoencoder,2021-02-18T07:00:00,73,0,0.0,False,6,0.0,0.0
uri,IPCO,sentinel_v3,2021-02-18T06:00:00,73,0,0.0,False,1,1.0,1.0
uri,IPCO,sentinel_v3_distance_neighbors,2021-02-18T06:00:00,73,0,0.0,False,1,1.0,1.0
uri,IPCO,sentinel_v3_profile_neighbors,2021-02-18T06:00:00,73,0,0.0,False,1,1.0,1.0
uri,IPCO,sentinel_v3_profile_weather,2021-02-18T06:00:00,73,0,0.0,False,1,1.0,1.0
uri,IPCO,sentinel_v3_regime_only,2021-02-18T06:00:00,73,0,0.0,False,1,1.0,1.0
uri,IPCO,sentinel_v2,2021-02-18T06:00:00,73,0,0.0,False,1,1.0,1.0
uri,IPCO,modified_zscore,2021-02-18T06:00:00,73,0,0.0,False,1,1.0,1.0
uri,IPCO,relative_deviation,2021-02-18T06:00:00,73,0,0.0,False,1,1.0,0.6
uri,IPCO,teda_level,2021-02-18T06:00:00,73,0,0.0,False,1,1.0,1.0
uri,IPCO,autoencoder,2021-02-18T06:00:00,73,0,0.0,False,1,1.0,1.0
uri,ISNE,sentinel_v3,2021-02-18T18:00:00,73,0,0.0,False,1,1.0,1.0
uri,ISNE,sentinel_v3_distance_neighbors,2021-02-18T18:00:00,73,0,0.0,False,1,1.0,1.0
uri,ISNE,sentinel_v3_profile_neighbors,2021-02-18T18:00:00,73,0,0.0,False,1,1.0,1.0
uri,ISNE,sentinel_v3_profile_weather,2021-02-18T18:00:00,73,0,0.0,False,1,1.0,1.0
uri,ISNE,sentinel_v3_regime_only,2021-02-18T18:00:00,73,0,0.0,False,1,1.0,1.0
uri,ISNE,sentinel_v2,2021-02-18T18:00:00,73,0,0.0,False,1,1.0,1.0
uri,ISNE,modified_zscore,2021-02-18T18:00:00,73,0,0.0,False,1,0.0,0.0
uri,ISNE,relative_deviation,2021-02-18T18:00:00,73,0,0.0,False,1,1.0,1.0
uri,ISNE,teda_level,2021-02-18T18:00:00,73,0,0.0,False,1,0.0,0.0
uri,ISNE,autoencoder,2021-02-18T18:00:00,73,0,0.0,False,1,1.0,0.75
uri,JEA,sentinel_v3,2021-02-18T18:00:00,73,0,0.0,False,3,1.0,1.0
uri,JEA,sentinel_v3_distance_neighbors,2021-02-18T18:00:00,73,0,0.0,False,3,1.0,1.0
uri,JEA,sentinel_v3_profile_neighbors,2021-02-18T18:00:00,73,0,0.0,False,3,1.0,1.0
uri,JEA,sentinel_v3_profile_weather,2021-02-18T18:00:00,73,0,0.0,False,3,1.0,1.0
uri,JEA,sentinel_v3_regime_only,2021-02-18T18:00:00,73,0,0.0,False,3,1.0,1.0
uri,JEA,sentinel_v2,2021-02-18T18:00:00,73,0,0.0,False,3,1.0,1.0
uri,JEA,modified_zscore,2021-02-18T18:00:00,73,0,0.0,False,3,0.0,0.0
uri,JEA,relative_deviation,2021-02-18T18:00:00,73,0,0.0,False,3,0.0,0.0
uri,JEA,teda_level,2021-02-18T18:00:00,73,0,0.0,False,3,0.0,0.0
uri,JEA,autoencoder,2021-02-18T18:00:00,73,0,0.0,False,3,0.6666666666666666,1.0
uri,LDWP,sentinel_v3,2021-02-17T09:00:00,73,0,0.0,False,15,1.0,1.0
uri,LDWP,sentinel_v3_distance_neighbors,2021-02-17T09:00:00,73,0,0.0,False,15,1.0,1.0
uri,LDWP,sentinel_v3_profile_neighbors,2021-02-17T09:00:00,73,0,0.0,False,15,1.0,1.0
uri,LDWP,sentinel_v3_profile_weather,2021-02-17T09:00:00,73,0,0.0,False,15,1.0,1.0
uri,LDWP,sentinel_v3_regime_only,2021-02-17T09:00:00,73,0,0.0,False,15,1.0,1.0
uri,LDWP,sentinel_v2,2021-02-17T09:00:00,73,0,0.0,False,15,1.0,1.0
uri,LDWP,modified_zscore,2021-02-17T09:00:00,73,0,0.0,False,15,1.0,1.0
uri,LDWP,relative_deviation,2021-02-17T09:00:00,73,0,0.0,False,15,0.3333333333333333,0.7142857142857143
uri,LDWP,teda_level,2021-02-17T09:00:00,73,0,0.0,False,15,1.0,1.0
uri,LDWP,autoencoder,2021-02-17T09:00:00,73,0,0.0,False,15,1.0,0.8095238095238095
uri,LGEE,sentinel_v3,2021-02-17T08:00:00,73,0,0.0,False,12,1.0,1.0
uri,LGEE,sentinel_v3_distance_neighbors,2021-02-17T08:00:00,73,0,0.0,False,12,1.0,1.0
uri,LGEE,sentinel_v3_profile_neighbors,2021-02-17T08:00:00,73,0,0.0,False,12,1.0,1.0
uri,LGEE,sentinel_v3_profile_weather,2021-02-17T08:00:00,73,0,0.0,False,12,1.0,1.0
uri,LGEE,sentinel_v3_regime_only,2021-02-17T08:00:00,73,0,0.0,False,12,1.0,1.0
uri,LGEE,sentinel_v2,2021-02-17T08:00:00,73,0,0.0,False,12,1.0,1.0
uri,LGEE,modified_zscore,2021-02-17T08:00:00,73,0,0.0,False,12,0.0,0.0
uri,LGEE,relative_deviation,2021-02-17T08:00:00,73,0,0.0,False,12,0.0,0.0
uri,LGEE,teda_level,2021-02-17T08:00:00,73,0,0.0,False,12,0.0,0.0
uri,LGEE,autoencoder,2021-02-17T08:00:00,73,0,0.0,False,12,0.0,0.0
uri,MISO,sentinel_v3,2021-02-15T19:00:00,73,0,0.0,False,1,1.0,1.0
uri,MISO,sentinel_v3_distance_neighbors,2021-02-15T19:00:00,73,0,0.0,False,1,1.0,1.0
uri,MISO,sentinel_v3_profile_neighbors,2021-02-15T19:00:00,73,0,0.0,False,1,1.0,1.0
uri,MISO,sentinel_v3_profile_weather,2021-02-15T19:00:00,73,0,0.0,False,1,1.0,1.0
uri,MISO,sentinel_v3_regime_only,2021-02-15T19:00:00,73,0,0.0,False,1,1.0,1.0
uri,MISO,sentinel_v2,2021-02-15T19:00:00,73,0,0.0,False,1,1.0,1.0
uri,MISO,modified_zscore,2021-02-15T19:00:00,73,0,0.0,False,1,1.0,1.0
uri,MISO,relative_deviation,2021-02-15T19:00:00,73,0,0.0,False,1,1.0,0.6
uri,MISO,teda_level,2021-02-15T19:00:00,73,0,0.0,False,1,1.0,1.0
uri,MISO,autoencoder,2021-02-15T19:00:00,73,0,0.0,False,1,1.0,0.6
uri,NEVP,sentinel_v3,2021-02-17T18:00:00,73,0,0.0,False,11,1.0,1.0
uri,NEVP,sentinel_v3_distance_neighbors,2021-02-17T18:00:00,73,0,0.0,False,11,1.0,1.0
uri,NEVP,sentinel_v3_profile_neighbors,2021-02-17T18:00:00,73,0,0.0,False,11,1.0,1.0
uri,NEVP,sentinel_v3_profile_weather,2021-02-17T18:00:00,73,0,0.0,False,11,1.0,1.0
uri,NEVP,sentinel_v3_regime_only,2021-02-17T18:00:00,73,0,0.0,False,11,1.0,1.0
uri,NEVP,sentinel_v2,2021-02-17T18:00:00,73,0,0.0,False,11,1.0,1.0
uri,NEVP,modified_zscore,2021-02-17T18:00:00,73,0,0.0,False,11,0.0,0.0
uri,NEVP,relative_deviation,2021-02-17T18:00:00,73,0,0.0,False,11,0.0,0.0
uri,NEVP,teda_level,2021-02-17T18:00:00,73,0,0.0,False,11,0.0,0.0
uri,NEVP,autoencoder,2021-02-17T18:00:00,73,0,0.0,False,11,0.0,0.0
uri,NWMT,sentinel_v3,2021-02-14T18:00:00,73,0,0.0,False,1,1.0,1.0
uri,NWMT,sentinel_v3_distance_neighbors,2021-02-14T18:00:00,73,0,0.0,False,1,1.0,1.0
uri,NWMT,sentinel_v3_profile_neighbors,2021-02-14T18:00:00,73,0,0.0,False,1,1.0,1.0
uri,NWMT,sentinel_v3_profile_weather,2021-02-14T18:00:00,73,0,0.0,False,1,1.0,1.0
uri,NWMT,sentinel_v3_regime_only,2021-02-14T18:00:00,73,0,0.0,False,1,1.0,1.0
uri,NWMT,sentinel_v2,2021-02-14T18:00:00,73,0,0.0,False,1,1.0,1.0
uri,NWMT,modified_zscore,2021-02-14T18:00:00,73,0,0.0,False,1,1.0,1.0
uri,NWMT,relative_deviation,2021-02-14T18:00:00,73,0,0.0,False,1,1.0,1.0
uri,NWMT,teda_level,2021-02-14T18:00:00,73,0,0.0,False,1,1.0,1.0
uri,NWMT,autoencoder,2021-02-14T18:00:00,73,0,0.0,False,1,1.0,1.0
uri,NYIS,sentinel_v3,2021-02-18T18:00:00,73,0,0.0,False,10,1.0,1.0
uri,NYIS,sentinel_v3_distance_neighbors,2021-02-18T18:00:00,73,0,0.0,False,10,1.0,1.0
uri,NYIS,sentinel_v3_profile_neighbors,2021-02-18T18:00:00,73,0,0.0,False,10,1.0,1.0
uri,NYIS,sentinel_v3_profile_weather,2021-02-18T18:00:00,73,0,0.0,False,10,1.0,1.0
uri,NYIS,sentinel_v3_regime_only,2021-02-18T18:00:00,73,0,0.0,False,10,1.0,1.0
uri,NYIS,sentinel_v2,2021-02-18T18:00:00,73,0,0.0,False,10,1.0,1.0
uri,NYIS,modified_zscore,2021-02-18T18:00:00,73,0,0.0,False,10,0.0,0.0
uri,NYIS,relative_deviation,2021-02-18T18:00:00,73,0,0.0,False,10,0.0,0.0
uri,NYIS,teda_level,2021-02-18T18:00:00,73,0,0.0,False,10,0.0,0.0
uri,NYIS,autoencoder,2021-02-18T18:00:00,73,0,0.0,False,10,0.2,0.6666666666666666
uri,PACE,sentinel_v3,2021-02-15T14:00:00,73,2,0.0273972602739726,True,1,1.0,0.3333333333333333
uri,PACE,sentinel_v3_distance_neighbors,2021-02-15T14:00:00,73,1,0.0136986301369863,False,1,1.0,0.5
uri,PACE,sentinel_v3_profile_neighbors,2021-02-15T14:00:00,73,1,0.0136986301369863,False,1,1.0,0.5
uri,PACE,sentinel_v3_profile_weather,2021-02-15T14:00:00,73,1,0.0136986301369863,False,1,1.0,0.5
uri,PACE,sentinel_v3_regime_only,2021-02-15T14:00:00,73,2,0.0273972602739726,True,1,1.0,0.3333333333333333
uri,PACE,sentinel_v2,2021-02-15T14:00:00,73,2,0.0273972602739726,True,1,1.0,0.3333333333333333
uri,PACE,modified_zscore,2021-02-15T14:00:00,73,1,0.0136986301369863,True,1,1.0,0.5
uri,PACE,relative_deviation,2021-02-15T14:00:00,73,2,0.0273972602739726,True,1,1.0,0.3333333333333333
uri,PACE,teda_level,2021-02-15T14:00:00,73,1,0.0136986301369863,True,1,1.0,0.5
uri,PACE,autoencoder,2021-02-15T14:00:00,73,7,0.0958904109589041,True,1,1.0,0.2727272727272727
uri,PACW,sentinel_v3,2021-02-17T07:00:00,73,0,0.0,False,1,1.0,1.0
uri,PACW,sentinel_v3_distance_neighbors,2021-02-17T07:00:00,73,0,0.0,False,1,1.0,1.0
uri,PACW,sentinel_v3_profile_neighbors,2021-02-17T07:00:00,73,0,0.0,False,1,1.0,1.0
uri,PACW,sentinel_v3_profile_weather,2021-02-17T07:00:00,73,0,0.0,False,1,1.0,1.0
uri,PACW,sentinel_v3_regime_only,2021-02-17T07:00:00,73,0,0.0,False,1,1.0,1.0
uri,PACW,sentinel_v2,2021-02-17T07:00:00,73,0,0.0,False,1,1.0,1.0
uri,PACW,modified_zscore,2021-02-17T07:00:00,73,0,0.0,False,1,1.0,1.0
uri,PACW,relative_deviation,2021-02-17T07:00:00,73,0,0.0,False,1,1.0,0.6
uri,PACW,teda_level,2021-02-17T07:00:00,73,0,0.0,False,1,1.0,1.0
uri,PACW,autoencoder,2021-02-17T07:00:00,73,0,0.0,False,1,1.0,1.0
uri,PGE,sentinel_v3,2021-02-18T18:00:00,73,2,0.0273972602739726,False,12,1.0,1.0
uri,PGE,sentinel_v3_distance_neighbors,2021-02-18T18:00:00,73,2,0.0273972602739726,False,12,1.0,1.0
uri,PGE,sentinel_v3_profile_neighbors,2021-02-18T18:00:00,73,2,0.0273972602739726,False,12,1.0,1.0
uri,PGE,sentinel_v3_profile_weather,2021-02-18T18:00:00,73,2,0.0273972602739726,False,12,1.0,1.0
uri,PGE,sentinel_v3_regime_only,2021-02-18T18:00:00,73,2,0.0273972602739726,False,12,1.0,1.0
uri,PGE,sentinel_v2,2021-02-18T18:00:00,73,2,0.0273972602739726,False,12,1.0,1.0
uri,PGE,modified_zscore,2021-02-18T18:00:00,73,0,0.0,False,12,0.0,0.0
uri,PGE,relative_deviation,2021-02-18T18:00:00,73,0,0.0,False,12,0.0,0.0
uri,PGE,teda_level,2021-02-18T18:00:00,73,0,0.0,False,12,0.0,0.0
uri,PGE,autoencoder,2021-02-18T18:00:00,73,0,0.0,False,12,0.16666666666666666,1.0
uri,PJM,sentinel_v3,2021-02-17T07:00:00,73,0,0.0,False,1,1.0,1.0
uri,PJM,sentinel_v3_distance_neighbors,2021-02-17T07:00:00,73,0,0.0,False,1,1.0,1.0
uri,PJM,sentinel_v3_profile_neighbors,2021-02-17T07:00:00,73,0,0.0,False,1,1.0,1.0
uri,PJM,sentinel_v3_profile_weather,2021-02-17T07:00:00,73,0,0.0,False,1,1.0,1.0
uri,PJM,sentinel_v3_regime_only,2021-02-17T07:00:00,73,0,0.0,False,1,1.0,1.0
uri,PJM,sentinel_v2,2021-02-17T07:00:00,73,0,0.0,False,1,1.0,1.0
uri,PJM,modified_zscore,2021-02-17T07:00:00,73,0,0.0,False,1,1.0,1.0
uri,PJM,relative_deviation,2021-02-17T07:00:00,73,0,0.0,False,1,1.0,0.6
uri,PJM,teda_level,2021-02-17T07:00:00,73,0,0.0,False,1,1.0,1.0
uri,PJM,autoencoder,2021-02-17T07:00:00,73,0,0.0,False,1,0.0,0.0
uri,PNM,sentinel_v3,2021-02-14T18:00:00,73,1,0.0136986301369863,True,3,1.0,1.0
uri,PNM,sentinel_v3_distance_neighbors,2021-02-14T18:00:00,73,1,0.0136986301369863,True,3,1.0,1.0
uri,PNM,sentinel_v3_profile_neighbors,2021-02-14T18:00:00,73,1,0.0136986301369863,True,3,1.0,1.0
uri,PNM,sentinel_v3_profile_weather,2021-02-14T18:00:00,73,1,0.0136986301369863,True,3,1.0,1.0
uri,PNM,sentinel_v3_regime_only,2021-02-14T18:00:00,73,1,0.0136986301369863,True,3,1.0,1.0
uri,PNM,sentinel_v2,2021-02-14T18:00:00,73,1,0.0136986301369863,True,3,1.0,1.0
uri,PNM,modified_zscore,2021-02-14T18:00:00,73,1,0.0136986301369863,True,3,1.0,0.75
uri,PNM,relative_deviation,2021-02-14T18:00:00,73,0,0.0,False,3,1.0,0.7142857142857143
uri,PNM,teda_level,2021-02-14T18:00:00,73,1,0.0136986301369863,True,3,1.0,1.0
uri,PNM,autoencoder,2021-02-14T18:00:00,73,0,0.0,False,3,1.0,0.7142857142857143
uri,PSCO,sentinel_v3,2021-02-14T18:00:00,73,0,0.0,False,8,1.0,1.0
uri,PSCO,sentinel_v3_distance_neighbors,2021-02-14T18:00:00,73,0,0.0,False,8,1.0,1.0
uri,PSCO,sentinel_v3_profile_neighbors,2021-02-14T18:00:00,73,0,0.0,False,8,1.0,1.0
uri,PSCO,sentinel_v3_profile_weather,2021-02-14T18:00:00,73,0,0.0,False,8,1.0,1.0
uri,PSCO,sentinel_v3_regime_only,2021-02-14T18:00:00,73,0,0.0,False,8,1.0,1.0
uri,PSCO,sentinel_v2,2021-02-14T18:00:00,73,0,0.0,False,8,1.0,1.0
uri,PSCO,modified_zscore,2021-02-14T18:00:00,73,0,0.0,False,8,0.0,0.0
uri,PSCO,relative_deviation,2021-02-14T18:00:00,73,0,0.0,False,8,0.0,0.0
uri,PSCO,teda_level,2021-02-14T18:00:00,73,0,0.0,False,8,0.0,0.0
uri,PSCO,autoencoder,2021-02-14T18:00:00,73,0,0.0,False,8,0.0,0.0
uri,PSEI,sentinel_v3,2021-02-13T18:00:00,73,0,0.0,False,44,0.7674418604651163,1.0
uri,PSEI,sentinel_v3_distance_neighbors,2021-02-13T18:00:00,73,0,0.0,False,44,0.7674418604651163,1.0
uri,PSEI,sentinel_v3_profile_neighbors,2021-02-13T18:00:00,73,0,0.0,False,44,0.7674418604651163,1.0
uri,PSEI,sentinel_v3_profile_weather,2021-02-13T18:00:00,73,0,0.0,False,44,0.7674418604651163,1.0
uri,PSEI,sentinel_v3_regime_only,2021-02-13T18:00:00,73,0,0.0,False,44,0.7674418604651163,1.0
uri,PSEI,sentinel_v2,2021-02-13T18:00:00,73,0,0.0,False,44,0.7674418604651163,1.0
uri,PSEI,modified_zscore,2021-02-13T18:00:00,73,0,0.0,False,44,1.0,1.0
uri,PSEI,relative_deviation,2021-02-13T18:00:00,73,0,0.0,False,44,0.13636363636363635,0.75
uri,PSEI,teda_level,2021-02-13T18:00:00,73,0,0.0,False,44,0.7674418604651163,1.0
uri,PSEI,autoencoder,2021-02-13T18:00:00,73,0,0.0,False,44,0.09090909090909091,1.0
uri,SC,sentinel_v3,2021-02-17T07:00:00,73,0,0.0,False,2,1.0,1.0
uri,SC,sentinel_v3_distance_neighbors,2021-02-17T07:00:00,73,0,0.0,False,2,1.0,1.0
uri,SC,sentinel_v3_profile_neighbors,2021-02-17T07:00:00,73,0,0.0,False,2,1.0,1.0
uri,SC,sentinel_v3_profile_weather,2021-02-17T07:00:00,73,0,0.0,False,2,1.0,1.0
uri,SC,sentinel_v3_regime_only,2021-02-17T07:00:00,73,0,0.0,False,2,1.0,1.0
uri,SC,sentinel_v2,2021-02-17T07:00:00,73,0,0.0,False,2,1.0,1.0
uri,SC,modified_zscore,2021-02-17T07:00:00,73,0,0.0,False,2,1.0,1.0
uri,SC,relative_deviation,2021-02-17T07:00:00,73,0,0.0,False,2,1.0,0.6666666666666666
uri,SC,teda_level,2021-02-17T07:00:00,73,0,0.0,False,2,1.0,1.0
uri,SC,autoencoder,2021-02-17T07:00:00,73,0,0.0,False,2,1.0,0.6666666666666666
uri,SCEG,sentinel_v3,2021-02-17T07:00:00,73,1,0.0136986301369863,False,1,1.0,1.0
uri,SCEG,sentinel_v3_distance_neighbors,2021-02-17T07:00:00,73,1,0.0136986301369863,False,1,1.0,1.0
uri,SCEG,sentinel_v3_profile_neighbors,2021-02-17T07:00:00,73,0,0.0,False,1,1.0,1.0
uri,SCEG,sentinel_v3_profile_weather,2021-02-17T07:00:00,73,1,0.0136986301369863,False,1,1.0,1.0
uri,SCEG,sentinel_v3_regime_only,2021-02-17T07:00:00,73,1,0.0136986301369863,False,1,1.0,1.0
uri,SCEG,sentinel_v2,2021-02-17T07:00:00,73,0,0.0,False,1,1.0,1.0
uri,SCEG,modified_zscore,2021-02-17T07:00:00,73,0,0.0,False,1,1.0,1.0
uri,SCEG,relative_deviation,2021-02-17T07:00:00,73,0,0.0,False,1,1.0,0.6
uri,SCEG,teda_level,2021-02-17T07:00:00,73,0,0.0,False,1,1.0,1.0
uri,SCEG,autoencoder,2021-02-17T07:00:00,73,0,0.0,False,1,1.0,1.0
uri,SCL,sentinel_v3,2021-02-13T18:00:00,73,0,0.0,False,8,1.0,1.0
uri,SCL,sentinel_v3_distance_neighbors,2021-02-13T18:00:00,73,0,0.0,False,8,1.0,1.0
uri,SCL,sentinel_v3_profile_neighbors,2021-02-13T18:00:00,73,0,0.0,False,8,1.0,1.0
uri,SCL,sentinel_v3_profile_weather,2021-02-13T18:00:00,73,0,0.0,False,8,1.0,1.0
uri,SCL,sentinel_v3_regime_only,2021-02-13T18:00:00,73,0,0.0,False,8,1.0,1.0
uri,SCL,sentinel_v2,2021-02-13T18:00:00,73,0,0.0,False,8,1.0,1.0
uri,SCL,modified_zscore,2021-02-13T18:00:00,73,0,0.0,False,8,1.0,1.0
uri,SCL,relative_deviation,2021-02-13T18:00:00,73,0,0.0,False,8,0.75,0.75
uri,SCL,teda_level,2021-02-13T18:00:00,73,0,0.0,False,8,1.0,1.0
uri,SCL,autoencoder,2021-02-13T18:00:00,73,0,0.0,False,8,1.0,0.7142857142857143
uri,SOCO,sentinel_v3,2021-02-17T06:00:00,73,0,0.0,False,1,1.0,1.0
uri,SOCO,sentinel_v3_distance_neighbors,2021-02-17T06:00:00,73,0,0.0,False,1,1.0,1.0
uri,SOCO,sentinel_v3_profile_neighbors,2021-02-17T06:00:00,73,0,0.0,False,1,1.0,1.0
uri,SOCO,sentinel_v3_profile_weather,2021-02-17T06:00:00,73,0,0.0,False,1,1.0,1.0
uri,SOCO,sentinel_v3_regime_only,2021-02-17T06:00:00,73,0,0.0,False,1,1.0,1.0
uri,SOCO,sentinel_v2,2021-02-17T06:00:00,73,0,0.0,False,1,1.0,1.0
uri,SOCO,modified_zscore,2021-02-17T06:00:00,73,2,0.0273972602739726,True,1,1.0,0.5
uri,SOCO,relative_deviation,2021-02-17T06:00:00,73,0,0.0,False,1,1.0,0.5
uri,SOCO,teda_level,2021-02-17T06:00:00,73,0,0.0,False,1,0.0,0.0
uri,SOCO,autoencoder,2021-02-17T06:00:00,73,0,0.0,False,1,1.0,0.42857142857142855
uri,SRP,sentinel_v3,2021-02-18T07:00:00,73,0,0.0,False,3,1.0,1.0
uri,SRP,sentinel_v3_distance_neighbors,2021-02-18T07:00:00,73,0,0.0,False,3,1.0,1.0
uri,SRP,sentinel_v3_profile_neighbors,2021-02-18T07:00:00,73,0,0.0,False,3,1.0,1.0
uri,SRP,sentinel_v3_profile_weather,2021-02-18T07:00:00,73,0,0.0,False,3,1.0,1.0
uri,SRP,sentinel_v3_regime_only,2021-02-18T07:00:00,73,0,0.0,False,3,1.0,1.0
uri,SRP,sentinel_v2,2021-02-18T07:00:00,73,0,0.0,False,3,1.0,1.0
uri,SRP,modified_zscore,2021-02-18T07:00:00,73,0,0.0,False,3,1.0,1.0
uri,SRP,relative_deviation,2021-02-18T07:00:00,73,0,0.0,False,3,1.0,0.7142857142857143
uri,SRP,teda_level,2021-02-18T07:00:00,73,0,0.0,False,3,1.0,1.0
uri,SRP,autoencoder,2021-02-18T07:00:00,73,0,0.0,False,3,1.0,1.0
uri,SWPP,sentinel_v3,2021-02-15T08:00:00,73,0,0.0,False,1,0.0,0.0
uri,SWPP,sentinel_v3_distance_neighbors,2021-02-15T08:00:00,73,0,0.0,False,1,0.0,0.0
uri,SWPP,sentinel_v3_profile_neighbors,2021-02-15T08:00:00,73,0,0.0,False,1,0.0,0.0
uri,SWPP,sentinel_v3_profile_weather,2021-02-15T08:00:00,73,0,0.0,False,1,0.0,0.0
uri,SWPP,sentinel_v3_regime_only,2021-02-15T08:00:00,73,0,0.0,False,1,1.0,1.0
uri,SWPP,sentinel_v2,2021-02-15T08:00:00,73,0,0.0,False,1,1.0,1.0
uri,SWPP,modified_zscore,2021-02-15T08:00:00,73,11,0.1506849315068493,True,1,1.0,0.08333333333333333
uri,SWPP,relative_deviation,2021-02-15T08:00:00,73,0,0.0,False,1,1.0,1.0
uri,SWPP,teda_level,2021-02-15T08:00:00,73,0,0.0,False,1,1.0,1.0
uri,SWPP,autoencoder,2021-02-15T08:00:00,73,0,0.0,False,1,1.0,0.5
uri,TEC,sentinel_v3,2021-02-15T16:00:00,73,0,0.0,False,12,1.0,1.0
uri,TEC,sentinel_v3_distance_neighbors,2021-02-15T16:00:00,73,0,0.0,False,12,1.0,1.0
uri,TEC,sentinel_v3_profile_neighbors,2021-02-15T16:00:00,73,0,0.0,False,12,1.0,1.0
uri,TEC,sentinel_v3_profile_weather,2021-02-15T16:00:00,73,0,0.0,False,12,1.0,1.0
uri,TEC,sentinel_v3_regime_only,2021-02-15T16:00:00,73,0,0.0,False,12,1.0,1.0
uri,TEC,sentinel_v2,2021-02-15T16:00:00,73,0,0.0,False,12,1.0,1.0
uri,TEC,modified_zscore,2021-02-15T16:00:00,73,0,0.0,False,12,0.0,0.0
uri,TEC,relative_deviation,2021-02-15T16:00:00,73,0,0.0,False,12,0.08333333333333333,1.0
uri,TEC,teda_level,2021-02-15T16:00:00,73,0,0.0,False,12,0.0,0.0
uri,TEC,autoencoder,2021-02-15T16:00:00,73,0,0.0,False,12,0.16666666666666666,1.0
uri,TEPC,sentinel_v3,2021-02-15T18:00:00,66,1,0.015151515151515152,False,1,1.0,0.5
uri,TEPC,sentinel_v3_distance_neighbors,2021-02-15T18:00:00,66,1,0.015151515151515152,False,1,1.0,0.5
uri,TEPC,sentinel_v3_profile_neighbors,2021-02-15T18:00:00,66,1,0.015151515151515152,False,1,1.0,0.5
uri,TEPC,sentinel_v3_profile_weather,2021-02-15T18:00:00,66,1,0.015151515151515152,False,1,1.0,0.5
uri,TEPC,sentinel_v3_regime_only,2021-02-15T18:00:00,66,1,0.015151515151515152,False,1,1.0,0.5
uri,TEPC,sentinel_v2,2021-02-15T18:00:00,66,1,0.015151515151515152,False,1,1.0,0.5
uri,TEPC,modified_zscore,2021-02-15T18:00:00,66,0,0.0,False,1,1.0,1.0
uri,TEPC,relative_deviation,2021-02-15T18:00:00,66,11,0.16666666666666666,False,1,1.0,0.1875
uri,TEPC,teda_level,2021-02-15T18:00:00,66,0,0.0,False,1,1.0,1.0
uri,TEPC,autoencoder,2021-02-15T18:00:00,66,0,0.0,False,1,1.0,1.0
uri,TPWR,sentinel_v3,2021-02-13T11:00:00,73,0,0.0,False,1,1.0,1.0
uri,TPWR,sentinel_v3_distance_neighbors,2021-02-13T11:00:00,73,0,0.0,False,1,1.0,1.0
uri,TPWR,sentinel_v3_profile_neighbors,2021-02-13T11:00:00,73,0,0.0,False,1,1.0,1.0
uri,TPWR,sentinel_v3_profile_weather,2021-02-13T11:00:00,73,0,0.0,False,1,1.0,1.0
uri,TPWR,sentinel_v3_regime_only,2021-02-13T11:00:00,73,0,0.0,False,1,1.0,1.0
uri,TPWR,sentinel_v2,2021-02-13T11:00:00,73,0,0.0,False,1,1.0,1.0
uri,TPWR,modified_zscore,2021-02-13T11:00:00,73,0,0.0,False,1,1.0,1.0
uri,TPWR,relative_deviation,2021-02-13T11:00:00,73,0,0.0,False,1,1.0,0.6
uri,TPWR,teda_level,2021-02-13T11:00:00,73,0,0.0,False,1,1.0,1.0
uri,TPWR,autoencoder,2021-02-13T11:00:00,73,0,0.0,False,1,1.0,0.6
uri,TVA,sentinel_v3,2021-02-16T18:00:00,73,0,0.0,False,3,1.0,1.0
uri,TVA,sentinel_v3_distance_neighbors,2021-02-16T18:00:00,73,0,0.0,False,3,1.0,1.0
uri,TVA,sentinel_v3_profile_neighbors,2021-02-16T18:00:00,73,0,0.0,False,3,1.0,1.0
uri,TVA,sentinel_v3_profile_weather,2021-02-16T18:00:00,73,0,0.0,False,3,1.0,1.0
uri,TVA,sentinel_v3_regime_only,2021-02-16T18:00:00,73,0,0.0,False,3,1.0,1.0
uri,TVA,sentinel_v2,2021-02-16T18:00:00,73,0,0.0,False,3,1.0,1.0
uri,TVA,modified_zscore,2021-02-16T18:00:00,73,0,0.0,False,3,1.0,1.0
uri,TVA,relative_deviation,2021-02-16T18:00:00,73,0,0.0,False,3,1.0,0.7142857142857143
uri,TVA,teda_level,2021-02-16T18:00:00,73,0,0.0,False,3,1.0,1.0
uri,TVA,autoencoder,2021-02-16T18:00:00,73,0,0.0,False,3,1.0,0.7142857142857143
uri,WACM,sentinel_v3,2021-02-15T08:00:00,73,0,0.0,False,3,1.0,1.0
uri,WACM,sentinel_v3_distance_neighbors,2021-02-15T08:00:00,73,0,0.0,False,3,1.0,1.0
uri,WACM,sentinel_v3_profile_neighbors,2021-02-15T08:00:00,73,0,0.0,False,3,1.0,1.0
uri,WACM,sentinel_v3_profile_weather,2021-02-15T08:00:00,73,0,0.0,False,3,1.0,1.0
uri,WACM,sentinel_v3_regime_only,2021-02-15T08:00:00,73,0,0.0,False,3,1.0,1.0
uri,WACM,sentinel_v2,2021-02-15T08:00:00,73,0,0.0,False,3,1.0,1.0
uri,WACM,modified_zscore,2021-02-15T08:00:00,73,0,0.0,False,3,1.0,1.0
uri,WACM,relative_deviation,2021-02-15T08:00:00,73,0,0.0,False,3,1.0,0.7142857142857143
uri,WACM,teda_level,2021-02-15T08:00:00,73,0,0.0,False,3,1.0,1.0
uri,WACM,autoencoder,2021-02-15T08:00:00,73,0,0.0,False,3,1.0,0.625
uri,WALC,sentinel_v3,2021-02-18T07:00:00,73,0,0.0,False,44,1.0,1.0
uri,WALC,sentinel_v3_distance_neighbors,2021-02-18T07:00:00,73,0,0.0,False,44,1.0,1.0
uri,WALC,sentinel_v3_profile_neighbors,2021-02-18T07:00:00,73,0,0.0,False,44,1.0,1.0
uri,WALC,sentinel_v3_profile_weather,2021-02-18T07:00:00,73,0,0.0,False,44,1.0,1.0
uri,WALC,sentinel_v3_regime_only,2021-02-18T07:00:00,73,0,0.0,False,44,1.0,1.0
uri,WALC,sentinel_v2,2021-02-18T07:00:00,73,0,0.0,False,44,1.0,1.0
uri,WALC,modified_zscore,2021-02-18T07:00:00,73,0,0.0,False,44,1.0,1.0
uri,WALC,relative_deviation,2021-02-18T07:00:00,73,0,0.0,False,44,0.13636363636363635,0.75
uri,WALC,teda_level,2021-02-18T07:00:00,73,0,0.0,False,44,1.0,1.0
uri,WALC,autoencoder,2021-02-18T07:00:00,73,0,0.0,False,44,0.16666666666666666,0.7
elliott,AECI,sentinel_v3,2022-12-23T08:00:00,73,3,0.0410958904109589,False,1,1.0,0.25
elliott,AECI,sentinel_v3_distance_neighbors,2022-12-23T08:00:00,73,0,0.0,False,1,1.0,1.0
elliott,AECI,sentinel_v3_profile_neighbors,2022-12-23T08:00:00,73,3,0.0410958904109589,False,1,1.0,0.25
elliott,AECI,sentinel_v3_profile_weather,2022-12-23T08:00:00,73,0,0.0,False,1,1.0,1.0
elliott,AECI,sentinel_v3_regime_only,2022-12-23T08:00:00,73,24,0.3287671232876712,True,1,1.0,0.125
elliott,AECI,sentinel_v2,2022-12-23T08:00:00,73,24,0.3287671232876712,True,1,1.0,0.125
elliott,AECI,modified_zscore,2022-12-23T08:00:00,73,54,0.7397260273972602,True,1,1.0,0.03773584905660377
elliott,AECI,relative_deviation,2022-12-23T08:00:00,73,0,0.0,False,1,1.0,0.6
elliott,AECI,teda_level,2022-12-23T08:00:00,73,24,0.3287671232876712,True,1,1.0,0.08695652173913043
elliott,AECI,autoencoder,2022-12-23T08:00:00,73,37,0.5068493150684932,True,1,1.0,0.08823529411764706
elliott,AVA,sentinel_v3,2022-12-22T08:00:00,73,0,0.0,False,2,1.0,1.0
elliott,AVA,sentinel_v3_distance_neighbors,2022-12-22T08:00:00,73,0,0.0,False,2,1.0,1.0
elliott,AVA,sentinel_v3_profile_neighbors,2022-12-22T08:00:00,73,0,0.0,False,2,1.0,1.0
elliott,AVA,sentinel_v3_profile_weather,2022-12-22T08:00:00,73,0,0.0,False,2,1.0,1.0
elliott,AVA,sentinel_v3_regime_only,2022-12-22T08:00:00,73,0,0.0,False,2,1.0,1.0
elliott,AVA,sentinel_v2,2022-12-22T08:00:00,73,0,0.0,False,2,1.0,1.0
elliott,AVA,modified_zscore,2022-12-22T08:00:00,73,0,0.0,False,2,1.0,1.0
elliott,AVA,relative_deviation,2022-12-22T08:00:00,73,0,0.0,False,2,1.0,0.6666666666666666
elliott,AVA,teda_level,2022-12-22T08:00:00,73,0,0.0,False,2,1.0,1.0
elliott,AVA,autoencoder,2022-12-22T08:00:00,73,25,0.3424657534246575,True,2,1.0,0.5714285714285714
elliott,AZPS,sentinel_v3,2022-12-22T07:00:00,73,0,0.0,False,1,1.0,1.0
elliott,AZPS,sentinel_v3_distance_neighbors,2022-12-22T07:00:00,73,0,0.0,False,1,1.0,1.0
elliott,AZPS,sentinel_v3_profile_neighbors,2022-12-22T07:00:00,73,0,0.0,False,1,1.0,1.0
elliott,AZPS,sentinel_v3_profile_weather,2022-12-22T07:00:00,73,0,0.0,False,1,1.0,1.0
elliott,AZPS,sentinel_v3_regime_only,2022-12-22T07:00:00,73,0,0.0,False,1,1.0,1.0
elliott,AZPS,sentinel_v2,2022-12-22T07:00:00,73,0,0.0,False,1,1.0,1.0
elliott,AZPS,modified_zscore,2022-12-22T07:00:00,73,0,0.0,False,1,0.0,0.0
elliott,AZPS,relative_deviation,2022-12-22T07:00:00,73,0,0.0,False,1,1.0,1.0
elliott,AZPS,teda_level,2022-12-22T07:00:00,73,0,0.0,False,1,0.0,0.0
elliott,AZPS,autoencoder,2022-12-22T07:00:00,73,0,0.0,False,1,1.0,1.0
elliott,BANC,sentinel_v3,2022-12-22T17:00:00,73,0,0.0,False,8,1.0,1.0
elliott,BANC,sentinel_v3_distance_neighbors,2022-12-22T17:00:00,73,0,0.0,False,8,1.0,1.0
elliott,BANC,sentinel_v3_profile_neighbors,2022-12-22T17:00:00,73,0,0.0,False,8,1.0,1.0
elliott,BANC,sentinel_v3_profile_weather,2022-12-22T17:00:00,73,0,0.0,False,8,1.0,1.0
elliott,BANC,sentinel_v3_regime_only,2022-12-22T17:00:00,73,0,0.0,False,8,1.0,1.0
elliott,BANC,sentinel_v2,2022-12-22T17:00:00,73,0,0.0,False,8,1.0,1.0
elliott,BANC,modified_zscore,2022-12-22T17:00:00,73,0,0.0,False,8,0.0,0.0
elliott,BANC,relative_deviation,2022-12-22T17:00:00,73,0,0.0,False,8,0.0,0.0
elliott,BANC,teda_level,2022-12-22T17:00:00,73,0,0.0,False,8,0.0,0.0
elliott,BANC,autoencoder,2022-12-22T17:00:00,73,0,0.0,False,8,0.0,0.0
elliott,BPAT,sentinel_v3,2022-12-22T08:00:00,73,0,0.0,False,3,1.0,1.0
elliott,BPAT,sentinel_v3_distance_neighbors,2022-12-22T08:00:00,73,0,0.0,False,3,1.0,1.0
elliott,BPAT,sentinel_v3_profile_neighbors,2022-12-22T08:00:00,73,0,0.0,False,3,1.0,1.0
elliott,BPAT,sentinel_v3_profile_weather,2022-12-22T08:00:00,73,0,0.0,False,3,1.0,1.0
elliott,BPAT,sentinel_v3_regime_only,2022-12-22T08:00:00,73,0,0.0,False,3,1.0,1.0
elliott,BPAT,sentinel_v2,2022-12-22T08:00:00,73,0,0.0,False,3,1.0,1.0
elliott,BPAT,modified_zscore,2022-12-22T08:00:00,73,0,0.0,False,3,1.0,1.0
elliott,BPAT,relative_deviation,2022-12-22T08:00:00,73,0,0.0,False,3,1.0,0.7142857142857143
elliott,BPAT,teda_level,2022-12-22T08:00:00,73,7,0.0958904109589041,True,3,1.0,0.375
elliott,BPAT,autoencoder,2022-12-22T08:00:00,73,16,0.2191780821917808,True,3,1.0,0.625
elliott,CISO,sentinel_v3,2022-12-22T18:00:00,73,0,0.0,False,1,1.0,1.0
elliott,CISO,sentinel_v3_distance_neighbors,2022-12-22T18:00:00,73,0,0.0,False,1,1.0,1.0
elliott,CISO,sentinel_v3_profile_neighbors,2022-12-22T18:00:00,73,0,0.0,False,1,0.0,0.0
elliott,CISO,sentinel_v3_profile_weather,2022-12-22T18:00:00,73,0,0.0,False,1,0.0,0.0
elliott,CISO,sentinel_v3_regime_only,2022-12-22T18:00:00,73,0,0.0,False,1,1.0,1.0
elliott,CISO,sentinel_v2,2022-12-22T18:00:00,73,0,0.0,False,1,1.0,1.0
elliott,CISO,modified_zscore,2022-12-22T18:00:00,73,0,0.0,False,1,1.0,1.0
elliott,CISO,relative_deviation,2022-12-22T18:00:00,73,0,0.0,False,1,1.0,1.0
elliott,CISO,teda_level,2022-12-22T18:00:00,73,0,0.0,False,1,0.0,0.0
elliott,CISO,autoencoder,2022-12-22T18:00:00,73,0,0.0,False,1,1.0,1.0
elliott,CPLE,sentinel_v3,2022-12-24T05:00:00,73,0,0.0,False,1,1.0,1.0
elliott,CPLE,sentinel_v3_distance_neighbors,2022-12-24T05:00:00,73,0,0.0,False,1,1.0,1.0
elliott,CPLE,sentinel_v3_profile_neighbors,2022-12-24T05:00:00,73,0,0.0,False,1,1.0,1.0
elliott,CPLE,sentinel_v3_profile_weather,2022-12-24T05:00:00,73,0,0.0,False,1,1.0,1.0
elliott,CPLE,sentinel_v3_regime_only,2022-12-24T05:00:00,73,0,0.0,False,1,1.0,1.0
elliott,CPLE,sentinel_v2,2022-12-24T05:00:00,73,0,0.0,False,1,1.0,1.0
elliott,CPLE,modified_zscore,2022-12-24T05:00:00,73,36,0.4931506849315068,True,1,1.0,0.02702702702702703
elliott,CPLE,relative_deviation,2022-12-24T05:00:00,73,0,0.0,False,1,1.0,0.6
elliott,CPLE,teda_level,2022-12-24T05:00:00,73,0,0.0,False,1,0.0,0.0
elliott,CPLE,autoencoder,2022-12-24T05:00:00,73,1,0.0136986301369863,True,1,1.0,1.0
elliott,CPLW,sentinel_v3,2022-12-24T08:00:00,73,1,0.0136986301369863,False,15,1.0,1.0
elliott,CPLW,sentinel_v3_distance_neighbors,2022-12-24T08:00:00,73,1,0.0136986301369863,False,15,1.0,1.0
elliott,CPLW,sentinel_v3_profile_neighbors,2022-12-24T08:00:00,73,13,0.1780821917808219,True,15,1.0,1.0
elliott,CPLW,sentinel_v3_profile_weather,2022-12-24T08:00:00,73,0,0.0,False,15,1.0,1.0
elliott,CPLW,sentinel_v3_regime_only,2022-12-24T08:00:00,73,20,0.273972602739726,True,15,1.0,1.0
elliott,CPLW,sentinel_v2,2022-12-24T08:00:00,73,20,0.273972602739726,True,15,1.0,1.0
elliott,CPLW,modified_zscore,2022-12-24T08:00:00,73,48,0.6575342465753424,True,15,1.0,0.3137254901960784
elliott,CPLW,relative_deviation,2022-12-24T08:00:00,73,0,0.0,False,15,0.4,0.75
elliott,CPLW,teda_level,2022-12-24T08:00:00,73,20,0.273972602739726,True,15,1.0,1.0
elliott,CPLW,autoencoder,2022-12-24T08:00:00,73,19,0.2602739726027397,True,15,1.0,0.8095238095238095
elliott,DUK,sentinel_v3,2022-12-24T06:00:00,73,0,0.0,False,2,1.0,1.0
elliott,DUK,sentinel_v3_distance_neighbors,2022-12-24T06:00:00,73,0,0.0,False,2,1.0,1.0
elliott,DUK,sentinel_v3_profile_neighbors,2022-12-24T06:00:00,73,0,0.0,False,2,1.0,1.0
elliott,DUK,sentinel_v3_profile_weather,2022-12-24T06:00:00,73,0,0.0,False,2,1.0,1.0
elliott,DUK,sentinel_v3_regime_only,2022-12-24T06:00:00,73,0,0.0,False,2,1.0,1.0
elliott,DUK,sentinel_v2,2022-12-24T06:00:00,73,0,0.0,False,2,1.0,1.0
elliott,DUK,modified_zscore,2022-12-24T06:00:00,73,20,0.273972602739726,True,2,1.0,0.2
elliott,DUK,relative_deviation,2022-12-24T06:00:00,73,0,0.0,False,2,1.0,0.6666666666666666
elliott,DUK,teda_level,2022-12-24T06:00:00,73,0,0.0,False,2,1.0,1.0
elliott,DUK,autoencoder,2022-12-24T06:00:00,73,2,0.0273972602739726,True,2,1.0,0.5714285714285714
elliott,EPE,sentinel_v3,2022-12-23T19:00:00,73,0,0.0,False,3,1.0,1.0
elliott,EPE,sentinel_v3_distance_neighbors,2022-12-23T19:00:00,73,0,0.0,False,3,1.0,1.0
elliott,EPE,sentinel_v3_profile_neighbors,2022-12-23T19:00:00,73,0,0.0,False,3,1.0,1.0
elliott,EPE,sentinel_v3_profile_weather,2022-12-23T19:00:00,73,0,0.0,False,3,1.0,1.0
elliott,EPE,sentinel_v3_regime_only,2022-12-23T19:00:00,73,0,0.0,False,3,1.0,1.0
elliott,EPE,sentinel_v2,2022-12-23T19:00:00,73,0,0.0,False,3,1.0,1.0
elliott,EPE,modified_zscore,2022-12-23T19:00:00,73,0,0.0,False,3,1.0,1.0
elliott,EPE,relative_deviation,2022-12-23T19:00:00,73,0,0.0,False,3,1.0,0.7142857142857143
elliott,EPE,teda_level,2022-12-23T19:00:00,73,0,0.0,False,3,0.0,0.0
elliott,EPE,autoencoder,2022-12-23T19:00:00,73,0,0.0,False,3,1.0,1.0
elliott,ERCO,sentinel_v3,2022-12-23T07:00:00,73,0,0.0,False,1,1.0,1.0
elliott,ERCO,sentinel_v3_distance_neighbors,2022-12-23T07:00:00,73,0,0.0,False,1,1.0,1.0
elliott,ERCO,sentinel_v3_profile_neighbors,2022-12-23T07:00:00,73,0,0.0,False,1,1.0,1.0
elliott,ERCO,sentinel_v3_profile_weather,2022-12-23T07:00:00,73,0,0.0,False,1,1.0,1.0
elliott,ERCO,sentinel_v3_regime_only,2022-12-23T07:00:00,73,0,0.0,False,1,1.0,1.0
elliott,ERCO,sentinel_v2,2022-12-23T07:00:00,73,0,0.0,False,1,1.0,1.0
elliott,ERCO,modified_zscore,2022-12-23T07:00:00,73,45,0.6164383561643836,True,1,1.0,0.021739130434782608
elliott,ERCO,relative_deviation,2022-12-23T07:00:00,73,0,0.0,False,1,1.0,0.75
elliott,ERCO,teda_level,2022-12-23T07:00:00,73,0,0.0,False,1,1.0,1.0
elliott,ERCO,autoencoder,2022-12-23T07:00:00,73,0,0.0,False,1,1.0,0.5
elliott,FMPP,sentinel_v3,2022-12-25T09:00:00,73,0,0.0,False,1,1.0,1.0
elliott,FMPP,sentinel_v3_distance_neighbors,2022-12-25T09:00:00,73,0,0.0,False,1,1.0,1.0
elliott,FMPP,sentinel_v3_profile_neighbors,2022-12-25T09:00:00,73,0,0.0,False,1,1.0,1.0
elliott,FMPP,sentinel_v3_profile_weather,2022-12-25T09:00:00,73,0,0.0,False,1,1.0,1.0
elliott,FMPP,sentinel_v3_regime_only,2022-12-25T09:00:00,73,0,0.0,False,1,1.0,1.0
elliott,FMPP,sentinel_v2,2022-12-25T09:00:00,73,0,0.0,False,1,1.0,1.0
elliott,FMPP,modified_zscore,2022-12-25T09:00:00,73,0,0.0,False,1,0.0,0.0
elliott,FMPP,relative_deviation,2022-12-25T09:00:00,73,0,0.0,False,1,1.0,1.0
elliott,FMPP,teda_level,2022-12-25T09:00:00,73,0,0.0,False,1,0.0,0.0
elliott,FMPP,autoencoder,2022-12-25T09:00:00,73,0,0.0,False,1,1.0,0.6
elliott,FPC,sentinel_v3,2022-12-25T08:00:00,73,0,0.0,False,35,1.0,1.0
elliott,FPC,sentinel_v3_distance_neighbors,2022-12-25T08:00:00,73,0,0.0,False,35,1.0,1.0
elliott,FPC,sentinel_v3_profile_neighbors,2022-12-25T08:00:00,73,0,0.0,False,35,1.0,1.0
elliott,FPC,sentinel_v3_profile_weather,2022-12-25T08:00:00,73,0,0.0,False,35,1.0,1.0
elliott,FPC,sentinel_v3_regime_only,2022-12-25T08:00:00,73,0,0.0,False,35,1.0,1.0
elliott,FPC,sentinel_v2,2022-12-25T08:00:00,73,0,0.0,False,35,1.0,1.0
elliott,FPC,modified_zscore,2022-12-25T08:00:00,73,14,0.1917808219178082,True,35,1.0,0.8571428571428571
elliott,FPC,relative_deviation,2022-12-25T08:00:00,73,0,0.0,False,35,0.17142857142857143,0.75
elliott,FPC,teda_level,2022-12-25T08:00:00,73,0,0.0,False,35,1.0,1.0
elliott,FPC,autoencoder,2022-12-25T08:00:00,73,0,0.0,False,35,0.9411764705882353,0.9142857142857143
elliott,FPL,sentinel_v3,2022-12-26T10:00:00,73,0,0.0,False,3,1.0,1.0
elliott,FPL,sentinel_v3_distance_neighbors,2022-12-26T10:00:00,73,0,0.0,False,3,1.0,1.0
elliott,FPL,sentinel_v3_profile_neighbors,2022-12-26T10:00:00,73,0,0.0,False,3,1.0,1.0
elliott,FPL,sentinel_v3_profile_weather,2022-12-26T10:00:00,73,0,0.0,False,3,1.0,1.0
elliott,FPL,sentinel_v3_regime_only,2022-12-26T10:00:00,73,0,0.0,False,3,1.0,1.0
elliott,FPL,sentinel_v2,2022-12-26T10:00:00,73,0,0.0,False,3,1.0,1.0
elliott,FPL,modified_zscore,2022-12-26T10:00:00,73,0,0.0,False,3,1.0,1.0
elliott,FPL,relative_deviation,2022-12-26T10:00:00,73,0,0.0,False,3,1.0,0.7142857142857143
elliott,FPL,teda_level,2022-12-26T10:00:00,73,0,0.0,False,3,0.0,0.0
elliott,FPL,autoencoder,2022-12-26T10:00:00,73,0,0.0,False,3,1.0,1.0
elliott,GCPD,sentinel_v3,2022-12-22T08:00:00,73,0,0.0,False,1,1.0,1.0
elliott,GCPD,sentinel_v3_distance_neighbors,2022-12-22T08:00:00,73,0,0.0,False,1,1.0,1.0
elliott,GCPD,sentinel_v3_profile_neighbors,2022-12-22T08:00:00,73,0,0.0,False,1,1.0,1.0
elliott,GCPD,sentinel_v3_profile_weather,2022-12-22T08:00:00,73,0,0.0,False,1,1.0,1.0
elliott,GCPD,sentinel_v3_regime_only,2022-12-22T08:00:00,73,0,0.0,False,1,1.0,1.0
elliott,GCPD,sentinel_v2,2022-12-22T08:00:00,73,0,0.0,False,1,1.0,1.0
elliott,GCPD,modified_zscore,2022-12-22T08:00:00,73,0,0.0,False,1,1.0,1.0
elliott,GCPD,relative_deviation,2022-12-22T08:00:00,73,0,0.0,False,1,1.0,0.6
elliott,GCPD,teda_level,2022-12-22T08:00:00,73,0,0.0,False,1,1.0,1.0
elliott,GCPD,autoencoder,2022-12-22T08:00:00,73,0,0.0,False,1,1.0,0.5
elliott,IPCO,sentinel_v3,2022-12-22T17:00:00,73,0,0.0,False,1,1.0,1.0
elliott,IPCO,sentinel_v3_distance_neighbors,2022-12-22T17:00:00,73,0,0.0,False,1,1.0,1.0
elliott,IPCO,sentinel_v3_profile_neighbors,2022-12-22T17:00:00,73,0,0.0,False,1,1.0,1.0
elliott,IPCO,sentinel_v3_profile_weather,2022-12-22T17:00:00,73,0,0.0,False,1,1.0,1.0
elliott,IPCO,sentinel_v3_regime_only,2022-12-22T17:00:00,73,0,0.0,False,1,1.0,1.0
elliott,IPCO,sentinel_v2,2022-12-22T17:00:00,73,0,0.0,False,1,1.0,1.0
elliott,IPCO,modified_zscore,2022-12-22T17:00:00,73,0,0.0,False,1,1.0,1.0
elliott,IPCO,relative_deviation,2022-12-22T17:00:00,73,0,0.0,False,1,1.0,0.6
elliott,IPCO,teda_level,2022-12-22T17:00:00,73,0,0.0,False,1,1.0,1.0
elliott,IPCO,autoencoder,2022-12-22T17:00:00,73,0,0.0,False,1,1.0,0.6
elliott,ISNE,sentinel_v3,2022-12-24T17:00:00,73,0,0.0,False,3,1.0,1.0
elliott,ISNE,sentinel_v3_distance_neighbors,2022-12-24T17:00:00,73,0,0.0,False,3,1.0,1.0
elliott,ISNE,sentinel_v3_profile_neighbors,2022-12-24T17:00:00,73,0,0.0,False,3,1.0,1.0
elliott,ISNE,sentinel_v3_profile_weather,2022-12-24T17:00:00,73,0,0.0,False,3,1.0,1.0
elliott,ISNE,sentinel_v3_regime_only,2022-12-24T17:00:00,73,0,0.0,False,3,1.0,1.0
elliott,ISNE,sentinel_v2,2022-12-24T17:00:00,73,0,0.0,False,3,1.0,1.0
elliott,ISNE,modified_zscore,2022-12-24T17:00:00,73,0,0.0,False,3,1.0,1.0
elliott,ISNE,relative_deviation,2022-12-24T17:00:00,73,0,0.0,False,3,1.0,0.7142857142857143
elliott,ISNE,teda_level,2022-12-24T17:00:00,73,0,0.0,False,3,1.0,1.0
elliott,ISNE,autoencoder,2022-12-24T17:00:00,73,0,0.0,False,3,1.0,0.7142857142857143
elliott,JEA,sentinel_v3,2022-12-25T08:00:00,73,0,0.0,False,1,1.0,1.0
elliott,JEA,sentinel_v3_distance_neighbors,2022-12-25T08:00:00,73,0,0.0,False,1,1.0,1.0
elliott,JEA,sentinel_v3_profile_neighbors,2022-12-25T08:00:00,73,0,0.0,False,1,1.0,1.0
elliott,JEA,sentinel_v3_profile_weather,2022-12-25T08:00:00,73,0,0.0,False,1,1.0,1.0
elliott,JEA,sentinel_v3_regime_only,2022-12-25T08:00:00,73,0,0.0,False,1,1.0,1.0
elliott,JEA,sentinel_v2,2022-12-25T08:00:00,73,0,0.0,False,1,1.0,1.0
elliott,JEA,modified_zscore,2022-12-25T08:00:00,73,44,0.6027397260273972,True,1,1.0,0.022222222222222223
elliott,JEA,relative_deviation,2022-12-25T08:00:00,73,0,0.0,False,1,1.0,0.5
elliott,JEA,teda_level,2022-12-25T08:00:00,73,0,0.0,False,1,0.0,0.0
elliott,JEA,autoencoder,2022-12-25T08:00:00,73,0,0.0,False,1,1.0,0.5
elliott,LDWP,sentinel_v3,2022-12-23T11:00:00,73,0,0.0,False,1,1.0,1.0
elliott,LDWP,sentinel_v3_distance_neighbors,2022-12-23T11:00:00,73,0,0.0,False,1,1.0,1.0
elliott,LDWP,sentinel_v3_profile_neighbors,2022-12-23T11:00:00,73,0,0.0,False,1,1.0,1.0
elliott,LDWP,sentinel_v3_profile_weather,2022-12-23T11:00:00,73,0,0.0,False,1,1.0,1.0
elliott,LDWP,sentinel_v3_regime_only,2022-12-23T11:00:00,73,0,0.0,False,1,1.0,1.0
elliott,LDWP,sentinel_v2,2022-12-23T11:00:00,73,0,0.0,False,1,1.0,1.0
elliott,LDWP,modified_zscore,2022-12-23T11:00:00,73,0,0.0,False,1,1.0,1.0
elliott,LDWP,relative_deviation,2022-12-23T11:00:00,73,0,0.0,False,1,1.0,0.75
elliott,LDWP,teda_level,2022-12-23T11:00:00,73,0,0.0,False,1,0.0,0.0
elliott,LDWP,autoencoder,2022-12-23T11:00:00,73,0,0.0,False,1,1.0,1.0
elliott,LGEE,sentinel_v3,2022-12-23T17:00:00,73,0,0.0,False,6,1.0,1.0
elliott,LGEE,sentinel_v3_distance_neighbors,2022-12-23T17:00:00,73,0,0.0,False,6,1.0,1.0
elliott,LGEE,sentinel_v3_profile_neighbors,2022-12-23T17:00:00,73,0,0.0,False,6,1.0,1.0
elliott,LGEE,sentinel_v3_profile_weather,2022-12-23T17:00:00,73,0,0.0,False,6,1.0,1.0
elliott,LGEE,sentinel_v3_regime_only,2022-12-23T17:00:00,73,0,0.0,False,6,1.0,1.0
elliott,LGEE,sentinel_v2,2022-12-23T17:00:00,73,0,0.0,False,6,1.0,1.0
elliott,LGEE,modified_zscore,2022-12-23T17:00:00,73,33,0.4520547945205479,True,6,1.0,0.24242424242424243
elliott,LGEE,relative_deviation,2022-12-23T17:00:00,73,0,0.0,False,6,0.0,0.0
elliott,LGEE,teda_level,2022-12-23T17:00:00,73,0,0.0,False,6,0.0,0.0
elliott,LGEE,autoencoder,2022-12-23T17:00:00,73,13,0.1780821917808219,True,6,0.3333333333333333,0.18181818181818182
elliott,MISO,sentinel_v3,2022-12-23T18:00:00,73,0,0.0,False,11,1.0,1.0
elliott,MISO,sentinel_v3_distance_neighbors,2022-12-23T18:00:00,73,0,0.0,False,11,1.0,1.0
elliott,MISO,sentinel_v3_profile_neighbors,2022-12-23T18:00:00,73,0,0.0,False,11,1.0,1.0
elliott,MISO,sentinel_v3_profile_weather,2022-12-23T18:00:00,73,0,0.0,False,11,1.0,1.0
elliott,MISO,sentinel_v3_regime_only,2022-12-23T18:00:00,73,0,0.0,False,11,1.0,1.0
elliott,MISO,sentinel_v2,2022-12-23T18:00:00,73,0,0.0,False,11,1.0,1.0
elliott,MISO,modified_zscore,2022-12-23T18:00:00,73,6,0.0821917808219178,True,11,0.0,0.0
elliott,MISO,relative_deviation,2022-12-23T18:00:00,73,0,0.0,False,11,0.0,0.0
elliott,MISO,teda_level,2022-12-23T18:00:00,73,0,0.0,False,11,0.0,0.0
elliott,MISO,autoencoder,2022-12-23T18:00:00,73,0,0.0,False,11,0.0,0.0
elliott,NEVP,sentinel_v3,2022-12-22T17:00:00,73,0,0.0,False,1,1.0,1.0
elliott,NEVP,sentinel_v3_distance_neighbors,2022-12-22T17:00:00,73,0,0.0,False,1,1.0,1.0
elliott,NEVP,sentinel_v3_profile_neighbors,2022-12-22T17:00:00,73,0,0.0,False,1,0.0,0.0
elliott,NEVP,sentinel_v3_profile_weather,2022-12-22T17:00:00,73,0,0.0,False,1,0.0,0.0
elliott,NEVP,sentinel_v3_regime_only,2022-12-22T17:00:00,73,0,0.0,False,1,1.0,1.0
elliott,NEVP,sentinel_v2,2022-12-22T17:00:00,73,0,0.0,False,1,1.0,1.0
elliott,NEVP,modified_zscore,2022-12-22T17:00:00,73,0,0.0,False,1,0.0,0.0
elliott,NEVP,relative_deviation,2022-12-22T17:00:00,73,0,0.0,False,1,1.0,1.0
elliott,NEVP,teda_level,2022-12-22T17:00:00,73,0,0.0,False,1,0.0,0.0
elliott,NEVP,autoencoder,2022-12-22T17:00:00,73,2,0.0273972602739726,False,1,1.0,0.6
elliott,NWMT,sentinel_v3,2022-12-23T09:00:00,73,0,0.0,False,5,1.0,1.0
elliott,NWMT,sentinel_v3_distance_neighbors,2022-12-23T09:00:00,73,0,0.0,False,5,1.0,1.0
elliott,NWMT,sentinel_v3_profile_neighbors,2022-12-23T09:00:00,73,0,0.0,False,5,1.0,1.0
elliott,NWMT,sentinel_v3_profile_weather,2022-12-23T09:00:00,73,0,0.0,False,5,1.0,1.0
elliott,NWMT,sentinel_v3_regime_only,2022-12-23T09:00:00,73,0,0.0,False,5,1.0,1.0
elliott,NWMT,sentinel_v2,2022-12-23T09:00:00,73,0,0.0,False,5,1.0,1.0
elliott,NWMT,modified_zscore,2022-12-23T09:00:00,73,0,0.0,False,5,0.0,0.0
elliott,NWMT,relative_deviation,2022-12-23T09:00:00,73,0,0.0,False,5,0.0,0.0
elliott,NWMT,teda_level,2022-12-23T09:00:00,73,0,0.0,False,5,0.0,0.0
elliott,NWMT,autoencoder,2022-12-23T09:00:00,73,0,0.0,False,5,0.0,0.0
elliott,NYIS,sentinel_v3,2022-12-24T17:00:00,73,0,0.0,False,1,1.0,1.0
elliott,NYIS,sentinel_v3_distance_neighbors,2022-12-24T17:00:00,73,0,0.0,False,1,1.0,1.0
elliott,NYIS,sentinel_v3_profile_neighbors,2022-12-24T17:00:00,73,0,0.0,False,1,1.0,1.0
elliott,NYIS,sentinel_v3_profile_weather,2022-12-24T17:00:00,73,0,0.0,False,1,0.0,0.0
elliott,NYIS,sentinel_v3_regime_only,2022-12-24T17:00:00,73,0,0.0,False,1,1.0,1.0
elliott,NYIS,sentinel_v2,2022-12-24T17:00:00,73,0,0.0,False,1,1.0,1.0
elliott,NYIS,modified_zscore,2022-12-24T17:00:00,73,0,0.0,False,1,1.0,1.0
elliott,NYIS,relative_deviation,2022-12-24T17:00:00,73,0,0.0,False,1,1.0,1.0
elliott,NYIS,teda_level,2022-12-24T17:00:00,73,0,0.0,False,1,1.0,1.0
elliott,NYIS,autoencoder,2022-12-24T17:00:00,73,0,0.0,False,1,1.0,0.5
elliott,PACE,sentinel_v3,2022-12-22T17:00:00,73,0,0.0,False,1,1.0,1.0
elliott,PACE,sentinel_v3_distance_neighbors,2022-12-22T17:00:00,73,0,0.0,False,1,1.0,1.0
elliott,PACE,sentinel_v3_profile_neighbors,2022-12-22T17:00:00,73,0,0.0,False,1,1.0,1.0
elliott,PACE,sentinel_v3_profile_weather,2022-12-22T17:00:00,73,0,0.0,False,1,1.0,1.0
elliott,PACE,sentinel_v3_regime_only,2022-12-22T17:00:00,73,0,0.0,False,1,1.0,1.0
elliott,PACE,sentinel_v2,2022-12-22T17:00:00,73,0,0.0,False,1,1.0,1.0
elliott,PACE,modified_zscore,2022-12-22T17:00:00,73,0,0.0,False,1,1.0,1.0
elliott,PACE,relative_deviation,2022-12-22T17:00:00,73,0,0.0,False,1,1.0,1.0
elliott,PACE,teda_level,2022-12-22T17:00:00,73,0,0.0,False,1,0.0,0.0
elliott,PACE,autoencoder,2022-12-22T17:00:00,73,0,0.0,False,1,1.0,1.0
elliott,PACW,sentinel_v3,2022-12-22T17:00:00,73,0,0.0,False,1,1.0,1.0
elliott,PACW,sentinel_v3_distance_neighbors,2022-12-22T17:00:00,73,0,0.0,False,1,1.0,1.0
elliott,PACW,sentinel_v3_profile_neighbors,2022-12-22T17:00:00,73,0,0.0,False,1,1.0,1.0
elliott,PACW,sentinel_v3_profile_weather,2022-12-22T17:00:00,73,0,0.0,False,1,1.0,1.0
elliott,PACW,sentinel_v3_regime_only,2022-12-22T17:00:00,73,0,0.0,False,1,1.0,1.0
elliott,PACW,sentinel_v2,2022-12-22T17:00:00,73,0,0.0,False,1,1.0,1.0
elliott,PACW,modified_zscore,2022-12-22T17:00:00,73,0,0.0,False,1,1.0,1.0
elliott,PACW,relative_deviation,2022-12-22T17:00:00,73,0,0.0,False,1,1.0,0.6
elliott,PACW,teda_level,2022-12-22T17:00:00,73,0,0.0,False,1,1.0,1.0
elliott,PACW,autoencoder,2022-12-22T17:00:00,73,0,0.0,False,1,1.0,0.75
elliott,PGE,sentinel_v3,2022-12-22T17:00:00,73,0,0.0,False,41,1.0,1.0
elliott,PGE,sentinel_v3_distance_neighbors,2022-12-22T17:00:00,73,0,0.0,False,41,1.0,1.0
elliott,PGE,sentinel_v3_profile_neighbors,2022-12-22T17:00:00,73,0,0.0,False,41,1.0,1.0
elliott,PGE,sentinel_v3_profile_weather,2022-12-22T17:00:00,73,0,0.0,False,41,1.0,1.0
elliott,PGE,sentinel_v3_regime_only,2022-12-22T17:00:00,73,0,0.0,False,41,1.0,1.0
elliott,PGE,sentinel_v2,2022-12-22T17:00:00,73,0,0.0,False,41,1.0,1.0
elliott,PGE,modified_zscore,2022-12-22T17:00:00,73,0,0.0,False,41,1.0,1.0
elliott,PGE,relative_deviation,2022-12-22T17:00:00,73,0,0.0,False,41,0.14634146341463414,0.75
elliott,PGE,teda_level,2022-12-22T17:00:00,73,0,0.0,False,41,1.0,1.0
elliott,PGE,autoencoder,2022-12-22T17:00:00,73,2,0.0273972602739726,True,41,0.12195121951219512,0.8333333333333334
elliott,PJM,sentinel_v3,2022-12-23T18:00:00,73,0,0.0,False,11,1.0,1.0
elliott,PJM,sentinel_v3_distance_neighbors,2022-12-23T18:00:00,73,0,0.0,False,11,1.0,1.0
elliott,PJM,sentinel_v3_profile_neighbors,2022-12-23T18:00:00,73,0,0.0,False,11,1.0,1.0
elliott,PJM,sentinel_v3_profile_weather,2022-12-23T18:00:00,73,0,0.0,False,11,1.0,1.0
elliott,PJM,sentinel_v3_regime_only,2022-12-23T18:00:00,73,0,0.0,False,11,1.0,1.0
elliott,PJM,sentinel_v2,2022-12-23T18:00:00,73,0,0.0,False,11,1.0,1.0
elliott,PJM,modified_zscore,2022-12-23T18:00:00,73,6,0.0821917808219178,True,11,1.0,0.6470588235294118
elliott,PJM,relative_deviation,2022-12-23T18:00:00,73,0,0.0,False,11,0.5454545454545454,0.75
elliott,PJM,teda_level,2022-12-23T18:00:00,73,0,0.0,False,11,1.0,1.0
elliott,PJM,autoencoder,2022-12-23T18:00:00,73,0,0.0,False,11,1.0,0.7647058823529411
elliott,PNM,sentinel_v3,2022-12-23T18:00:00,73,0,0.0,False,9,1.0,1.0
elliott,PNM,sentinel_v3_distance_neighbors,2022-12-23T18:00:00,73,0,0.0,False,9,1.0,1.0
elliott,PNM,sentinel_v3_profile_neighbors,2022-12-23T18:00:00,73,0,0.0,False,9,1.0,1.0
elliott,PNM,sentinel_v3_profile_weather,2022-12-23T18:00:00,73,0,0.0,False,9,1.0,1.0
elliott,PNM,sentinel_v3_regime_only,2022-12-23T18:00:00,73,0,0.0,False,9,1.0,1.0
elliott,PNM,sentinel_v2,2022-12-23T18:00:00,73,0,0.0,False,9,1.0,1.0
elliott,PNM,modified_zscore,2022-12-23T18:00:00,73,0,0.0,False,9,0.0,0.0
elliott,PNM,relative_deviation,2022-12-23T18:00:00,73,0,0.0,False,9,0.0,0.0
elliott,PNM,teda_level,2022-12-23T18:00:00,73,0,0.0,False,9,0.0,0.0
elliott,PNM,autoencoder,2022-12-23T18:00:00,73,0,0.0,False,9,0.0,0.0
elliott,PSCO,sentinel_v3,2022-12-22T17:00:00,73,0,0.0,False,11,1.0,1.0
elliott,PSCO,sentinel_v3_distance_neighbors,2022-12-22T17:00:00,73,0,0.0,False,11,1.0,1.0
elliott,PSCO,sentinel_v3_profile_neighbors,2022-12-22T17:00:00,73,0,0.0,False,11,1.0,1.0
elliott,PSCO,sentinel_v3_profile_weather,2022-12-22T17:00:00,73,0,0.0,False,11,1.0,1.0
elliott,PSCO,sentinel_v3_regime_only,2022-12-22T17:00:00,73,0,0.0,False,11,1.0,1.0
elliott,PSCO,sentinel_v2,2022-12-22T17:00:00,73,0,0.0,False,11,1.0,1.0
elliott,PSCO,modified_zscore,2022-12-22T17:00:00,73,2,0.0273972602739726,True,11,0.0,0.0
elliott,PSCO,relative_deviation,2022-12-22T17:00:00,73,0,0.0,False,11,0.0,0.0
elliott,PSCO,teda_level,2022-12-22T17:00:00,73,0,0.0,False,11,0.0,0.0
elliott,PSCO,autoencoder,2022-12-22T17:00:00,73,0,0.0,False,11,0.09090909090909091,1.0
elliott,PSEI,sentinel_v3,2022-12-22T17:00:00,73,0,0.0,False,36,1.0,1.0
elliott,PSEI,sentinel_v3_distance_neighbors,2022-12-22T17:00:00,73,0,0.0,False,36,1.0,1.0
elliott,PSEI,sentinel_v3_profile_neighbors,2022-12-22T17:00:00,73,0,0.0,False,36,1.0,1.0
elliott,PSEI,sentinel_v3_profile_weather,2022-12-22T17:00:00,73,0,0.0,False,36,1.0,1.0
elliott,PSEI,sentinel_v3_regime_only,2022-12-22T17:00:00,73,0,0.0,False,36,1.0,1.0
elliott,PSEI,sentinel_v2,2022-12-22T17:00:00,73,0,0.0,False,36,1.0,1.0
elliott,PSEI,modified_zscore,2022-12-22T17:00:00,73,0,0.0,False,36,1.0,1.0
elliott,PSEI,relative_deviation,2022-12-22T17:00:00,73,0,0.0,False,36,0.16666666666666666,0.75
elliott,PSEI,teda_level,2022-12-22T17:00:00,73,0,0.0,False,36,1.0,1.0
elliott,PSEI,autoencoder,2022-12-22T17:00:00,73,20,0.273972602739726,True,36,1.0,0.9047619047619048
elliott,SC,sentinel_v3,2022-12-24T08:00:00,73,0,0.0,False,1,1.0,1.0
elliott,SC,sentinel_v3_distance_neighbors,2022-12-24T08:00:00,73,0,0.0,False,1,1.0,1.0
elliott,SC,sentinel_v3_profile_neighbors,2022-12-24T08:00:00,73,0,0.0,False,1,1.0,1.0
elliott,SC,sentinel_v3_profile_weather,2022-12-24T08:00:00,73,0,0.0,False,1,1.0,1.0
elliott,SC,sentinel_v3_regime_only,2022-12-24T08:00:00,73,1,0.0136986301369863,True,1,1.0,0.5
elliott,SC,sentinel_v2,2022-12-24T08:00:00,73,1,0.0136986301369863,True,1,1.0,0.5
elliott,SC,modified_zscore,2022-12-24T08:00:00,73,42,0.5753424657534246,True,1,1.0,0.04878048780487805
elliott,SC,relative_deviation,2022-12-24T08:00:00,73,0,0.0,False,1,1.0,1.0
elliott,SC,teda_level,2022-12-24T08:00:00,73,1,0.0136986301369863,True,1,0.0,0.0
elliott,SC,autoencoder,2022-12-24T08:00:00,73,9,0.1232876712328767,True,1,1.0,0.21428571428571427
elliott,SCEG,sentinel_v3,2022-12-24T09:00:00,73,0,0.0,False,1,1.0,1.0
elliott,SCEG,sentinel_v3_distance_neighbors,2022-12-24T09:00:00,73,0,0.0,False,1,1.0,1.0
elliott,SCEG,sentinel_v3_profile_neighbors,2022-12-24T09:00:00,73,0,0.0,False,1,1.0,1.0
elliott,SCEG,sentinel_v3_profile_weather,2022-12-24T09:00:00,73,0,0.0,False,1,1.0,1.0
elliott,SCEG,sentinel_v3_regime_only,2022-12-24T09:00:00,73,0,0.0,False,1,1.0,1.0
elliott,SCEG,sentinel_v2,2022-12-24T09:00:00,73,0,0.0,False,1,1.0,1.0
elliott,SCEG,modified_zscore,2022-12-24T09:00:00,73,42,0.5753424657534246,True,1,1.0,0.07142857142857142
elliott,SCEG,relative_deviation,2022-12-24T09:00:00,73,0,0.0,False,1,1.0,0.3333333333333333
elliott,SCEG,teda_level,2022-12-24T09:00:00,73,0,0.0,False,1,1.0,1.0
elliott,SCEG,autoencoder,2022-12-24T09:00:00,73,0,0.0,False,1,1.0,0.5
elliott,SCL,sentinel_v3,2022-12-22T11:00:00,73,0,0.0,False,3,1.0,1.0
elliott,SCL,sentinel_v3_distance_neighbors,2022-12-22T11:00:00,73,0,0.0,False,3,1.0,1.0
elliott,SCL,sentinel_v3_profile_neighbors,2022-12-22T11:00:00,73,0,0.0,False,3,1.0,1.0
elliott,SCL,sentinel_v3_profile_weather,2022-12-22T11:00:00,73,0,0.0,False,3,1.0,1.0
elliott,SCL,sentinel_v3_regime_only,2022-12-22T11:00:00,73,0,0.0,False,3,1.0,1.0
elliott,SCL,sentinel_v2,2022-12-22T11:00:00,73,0,0.0,False,3,1.0,1.0
elliott,SCL,modified_zscore,2022-12-22T11:00:00,73,0,0.0,False,3,1.0,1.0
elliott,SCL,relative_deviation,2022-12-22T11:00:00,73,0,0.0,False,3,1.0,0.7142857142857143
elliott,SCL,teda_level,2022-12-22T11:00:00,73,0,0.0,False,3,1.0,1.0
elliott,SCL,autoencoder,2022-12-22T11:00:00,73,13,0.1780821917808219,True,3,1.0,0.7142857142857143
elliott,SOCO,sentinel_v3,2022-12-24T07:00:00,73,0,0.0,False,8,1.0,1.0
elliott,SOCO,sentinel_v3_distance_neighbors,2022-12-24T07:00:00,73,0,0.0,False,8,1.0,1.0
elliott,SOCO,sentinel_v3_profile_neighbors,2022-12-24T07:00:00,73,0,0.0,False,8,1.0,1.0
elliott,SOCO,sentinel_v3_profile_weather,2022-12-24T07:00:00,73,0,0.0,False,8,1.0,1.0
elliott,SOCO,sentinel_v3_regime_only,2022-12-24T07:00:00,73,0,0.0,False,8,1.0,1.0
elliott,SOCO,sentinel_v2,2022-12-24T07:00:00,73,0,0.0,False,8,1.0,1.0
elliott,SOCO,modified_zscore,2022-12-24T07:00:00,73,44,0.6027397260273972,True,8,0.0,0.0
elliott,SOCO,relative_deviation,2022-12-24T07:00:00,73,0,0.0,False,8,0.0,0.0
elliott,SOCO,teda_level,2022-12-24T07:00:00,73,0,0.0,False,8,0.0,0.0
elliott,SOCO,autoencoder,2022-12-24T07:00:00,73,0,0.0,False,8,0.25,1.0
elliott,SRP,sentinel_v3,2022-12-24T20:00:00,73,1,0.0136986301369863,True,1,0.0,0.0
elliott,SRP,sentinel_v3_distance_neighbors,2022-12-24T20:00:00,73,1,0.0136986301369863,True,1,0.0,0.0
elliott,SRP,sentinel_v3_profile_neighbors,2022-12-24T20:00:00,73,1,0.0136986301369863,True,1,0.0,0.0
elliott,SRP,sentinel_v3_profile_weather,2022-12-24T20:00:00,73,1,0.0136986301369863,True,1,0.0,0.0
elliott,SRP,sentinel_v3_regime_only,2022-12-24T20:00:00,73,1,0.0136986301369863,True,1,0.0,0.0
elliott,SRP,sentinel_v2,2022-12-24T20:00:00,73,1,0.0136986301369863,True,1,0.0,0.0
elliott,SRP,modified_zscore,2022-12-24T20:00:00,73,1,0.0136986301369863,True,1,1.0,1.0
elliott,SRP,relative_deviation,2022-12-24T20:00:00,73,5,0.0684931506849315,True,1,1.0,0.3333333333333333
elliott,SRP,teda_level,2022-12-24T20:00:00,73,1,0.0136986301369863,True,1,0.0,0.0
elliott,SRP,autoencoder,2022-12-24T20:00:00,73,7,0.0958904109589041,True,1,1.0,0.2
elliott,SWPP,sentinel_v3,2022-12-22T18:00:00,73,0,0.0,False,33,1.0,1.0
elliott,SWPP,sentinel_v3_distance_neighbors,2022-12-22T18:00:00,73,0,0.0,False,33,1.0,1.0
elliott,SWPP,sentinel_v3_profile_neighbors,2022-12-22T18:00:00,73,0,0.0,False,33,1.0,1.0
elliott,SWPP,sentinel_v3_profile_weather,2022-12-22T18:00:00,73,0,0.0,False,33,1.0,1.0
elliott,SWPP,sentinel_v3_regime_only,2022-12-22T18:00:00,73,0,0.0,False,33,1.0,1.0
elliott,SWPP,sentinel_v2,2022-12-22T18:00:00,73,0,0.0,False,33,1.0,1.0
elliott,SWPP,modified_zscore,2022-12-22T18:00:00,73,37,0.5068493150684932,True,33,1.0,0.6538461538461539
elliott,SWPP,relative_deviation,2022-12-22T18:00:00,73,0,0.0,False,33,0.18181818181818182,0.75
elliott,SWPP,teda_level,2022-12-22T18:00:00,73,0,0.0,False,33,1.0,1.0
elliott,SWPP,autoencoder,2022-12-22T18:00:00,73,0,0.0,False,33,0.18181818181818182,0.6666666666666666
elliott,TEC,sentinel_v3,2022-12-25T08:00:00,73,0,0.0,False,41,0.05,1.0
elliott,TEC,sentinel_v3_distance_neighbors,2022-12-25T08:00:00,73,0,0.0,False,41,0.05,1.0
elliott,TEC,sentinel_v3_profile_neighbors,2022-12-25T08:00:00,73,0,0.0,False,41,0.05,1.0
elliott,TEC,sentinel_v3_profile_weather,2022-12-25T08:00:00,73,0,0.0,False,41,0.05,1.0
elliott,TEC,sentinel_v3_regime_only,2022-12-25T08:00:00,73,0,0.0,False,41,0.05,1.0
elliott,TEC,sentinel_v2,2022-12-25T08:00:00,73,0,0.0,False,41,0.05,1.0
elliott,TEC,modified_zscore,2022-12-25T08:00:00,73,0,0.0,False,41,1.0,1.0
elliott,TEC,relative_deviation,2022-12-25T08:00:00,73,0,0.0,False,41,0.14634146341463414,0.75
elliott,TEC,teda_level,2022-12-25T08:00:00,73,0,0.0,False,41,0.0,0.0
elliott,TEC,autoencoder,2022-12-25T08:00:00,73,0,0.0,False,41,0.1951219512195122,0.6666666666666666
elliott,TEPC,sentinel_v3,2022-12-22T07:00:00,73,0,0.0,False,7,1.0,1.0
elliott,TEPC,sentinel_v3_distance_neighbors,2022-12-22T07:00:00,73,0,0.0,False,7,1.0,1.0
elliott,TEPC,sentinel_v3_profile_neighbors,2022-12-22T07:00:00,73,0,0.0,False,7,1.0,1.0
elliott,TEPC,sentinel_v3_profile_weather,2022-12-22T07:00:00,73,0,0.0,False,7,1.0,1.0
elliott,TEPC,sentinel_v3_regime_only,2022-12-22T07:00:00,73,0,0.0,False,7,1.0,1.0
elliott,TEPC,sentinel_v2,2022-12-22T07:00:00,73,0,0.0,False,7,1.0,1.0
elliott,TEPC,modified_zscore,2022-12-22T07:00:00,73,0,0.0,False,7,0.0,0.0
elliott,TEPC,relative_deviation,2022-12-22T07:00:00,73,0,0.0,False,7,0.0,0.0
elliott,TEPC,teda_level,2022-12-22T07:00:00,73,0,0.0,False,7,0.0,0.0
elliott,TEPC,autoencoder,2022-12-22T07:00:00,73,0,0.0,False,7,0.0,0.0
elliott,TPWR,sentinel_v3,2022-12-22T09:00:00,73,0,0.0,False,1,1.0,1.0
elliott,TPWR,sentinel_v3_distance_neighbors,2022-12-22T09:00:00,73,0,0.0,False,1,1.0,1.0
elliott,TPWR,sentinel_v3_profile_neighbors,2022-12-22T09:00:00,73,0,0.0,False,1,1.0,1.0
elliott,TPWR,sentinel_v3_profile_weather,2022-12-22T09:00:00,73,0,0.0,False,1,1.0,1.0
elliott,TPWR,sentinel_v3_regime_only,2022-12-22T09:00:00,73,0,0.0,False,1,1.0,1.0
elliott,TPWR,sentinel_v2,2022-12-22T09:00:00,73,0,0.0,False,1,1.0,1.0
elliott,TPWR,modified_zscore,2022-12-22T09:00:00,73,0,0.0,False,1,0.0,0.0
elliott,TPWR,relative_deviation,2022-12-22T09:00:00,73,0,0.0,False,1,1.0,1.0
elliott,TPWR,teda_level,2022-12-22T09:00:00,73,0,0.0,False,1,0.0,0.0
elliott,TPWR,autoencoder,2022-12-22T09:00:00,73,11,0.1506849315068493,True,1,1.0,0.2727272727272727
elliott,TVA,sentinel_v3,2022-12-23T19:00:00,73,0,0.0,False,9,1.0,1.0
elliott,TVA,sentinel_v3_distance_neighbors,2022-12-23T19:00:00,73,0,0.0,False,9,1.0,1.0
elliott,TVA,sentinel_v3_profile_neighbors,2022-12-23T19:00:00,73,0,0.0,False,9,1.0,1.0
elliott,TVA,sentinel_v3_profile_weather,2022-12-23T19:00:00,73,0,0.0,False,9,1.0,1.0
elliott,TVA,sentinel_v3_regime_only,2022-12-23T19:00:00,73,0,0.0,False,9,1.0,1.0
elliott,TVA,sentinel_v2,2022-12-23T19:00:00,73,0,0.0,False,9,1.0,1.0
elliott,TVA,modified_zscore,2022-12-23T19:00:00,73,39,0.5342465753424658,True,9,1.0,0.28205128205128205
elliott,TVA,relative_deviation,2022-12-23T19:00:00,73,0,0.0,False,9,0.0,0.0
elliott,TVA,teda_level,2022-12-23T19:00:00,73,0,0.0,False,9,0.0,0.0
elliott,TVA,autoencoder,2022-12-23T19:00:00,73,15,0.2054794520547945,True,9,0.2222222222222222,0.14285714285714285
elliott,WACM,sentinel_v3,2022-12-22T17:00:00,73,0,0.0,False,3,1.0,1.0
elliott,WACM,sentinel_v3_distance_neighbors,2022-12-22T17:00:00,73,0,0.0,False,3,1.0,1.0
elliott,WACM,sentinel_v3_profile_neighbors,2022-12-22T17:00:00,73,0,0.0,False,3,1.0,1.0
elliott,WACM,sentinel_v3_profile_weather,2022-12-22T17:00:00,73,0,0.0,False,3,1.0,1.0
elliott,WACM,sentinel_v3_regime_only,2022-12-22T17:00:00,73,0,0.0,False,3,1.0,1.0
elliott,WACM,sentinel_v2,2022-12-22T17:00:00,73,0,0.0,False,3,1.0,1.0
elliott,WACM,modified_zscore,2022-12-22T17:00:00,73,0,0.0,False,3,1.0,1.0
elliott,WACM,relative_deviation,2022-12-22T17:00:00,73,0,0.0,False,3,1.0,0.7142857142857143
elliott,WACM,teda_level,2022-12-22T17:00:00,73,0,0.0,False,3,1.0,1.0
elliott,WACM,autoencoder,2022-12-22T17:00:00,73,0,0.0,False,3,1.0,0.5555555555555556
elliott,WALC,sentinel_v3,2022-12-24T11:00:00,73,1,0.0136986301369863,True,3,1.0,0.8
elliott,WALC,sentinel_v3_distance_neighbors,2022-12-24T11:00:00,73,1,0.0136986301369863,True,3,1.0,0.8
elliott,WALC,sentinel_v3_profile_neighbors,2022-12-24T11:00:00,73,1,0.0136986301369863,True,3,1.0,0.8
elliott,WALC,sentinel_v3_profile_weather,2022-12-24T11:00:00,73,1,0.0136986301369863,True,3,1.0,0.8
elliott,WALC,sentinel_v3_regime_only,2022-12-24T11:00:00,73,1,0.0136986301369863,True,3,1.0,0.8
elliott,WALC,sentinel_v2,2022-12-24T11:00:00,73,1,0.0136986301369863,True,3,1.0,0.8
elliott,WALC,modified_zscore,2022-12-24T11:00:00,73,1,0.0136986301369863,True,3,1.0,0.75
elliott,WALC,relative_deviation,2022-12-24T11:00:00,73,4,0.0547945205479452,True,3,1.0,0.5
elliott,WALC,teda_level,2022-12-24T11:00:00,73,0,0.0,False,3,1.0,1.0
elliott,WALC,autoencoder,2022-12-24T11:00:00,73,1,0.0136986301369863,True,3,1.0,0.7142857142857143
gerri_heather,AECI,sentinel_v3,2024-01-16T07:00:00,73,1,0.0136986301369863,False,8,1.0,0.9
gerri_heather,AECI,sentinel_v3_distance_neighbors,2024-01-16T07:00:00,73,1,0.0136986301369863,False,8,1.0,0.9
gerri_heather,AECI,sentinel_v3_profile_neighbors,2024-01-16T07:00:00,73,1,0.0136986301369863,False,8,1.0,0.8888888888888888
gerri_heather,AECI,sentinel_v3_profile_weather,2024-01-16T07:00:00,73,1,0.0136986301369863,False,8,1.0,0.9
gerri_heather,AECI,sentinel_v3_regime_only,2024-01-16T07:00:00,73,1,0.0136986301369863,False,8,1.0,0.9
gerri_heather,AECI,sentinel_v2,2024-01-16T07:00:00,73,1,0.0136986301369863,False,8,1.0,0.9
gerri_heather,AECI,modified_zscore,2024-01-16T07:00:00,73,0,0.0,False,8,0.0,0.0
gerri_heather,AECI,relative_deviation,2024-01-16T07:00:00,73,0,0.0,False,8,0.0,0.0
gerri_heather,AECI,teda_level,2024-01-16T07:00:00,73,0,0.0,False,8,0.0,0.0
gerri_heather,AECI,autoencoder,2024-01-16T07:00:00,73,42,0.5753424657534246,True,8,1.0,0.21951219512195122
gerri_heather,AVA,sentinel_v3,2024-01-13T17:00:00,73,0,0.0,False,3,1.0,1.0
gerri_heather,AVA,sentinel_v3_distance_neighbors,2024-01-13T17:00:00,73,0,0.0,False,3,1.0,1.0
gerri_heather,AVA,sentinel_v3_profile_neighbors,2024-01-13T17:00:00,73,0,0.0,False,3,1.0,1.0
gerri_heather,AVA,sentinel_v3_profile_weather,2024-01-13T17:00:00,73,0,0.0,False,3,1.0,1.0
gerri_heather,AVA,sentinel_v3_regime_only,2024-01-13T17:00:00,73,0,0.0,False,3,1.0,1.0
gerri_heather,AVA,sentinel_v2,2024-01-13T17:00:00,73,0,0.0,False,3,1.0,1.0
gerri_heather,AVA,modified_zscore,2024-01-13T17:00:00,73,0,0.0,False,3,0.0,0.0
gerri_heather,AVA,relative_deviation,2024-01-13T17:00:00,73,0,0.0,False,3,1.0,0.7142857142857143
gerri_heather,AVA,teda_level,2024-01-13T17:00:00,73,0,0.0,False,3,0.0,0.0
gerri_heather,AVA,autoencoder,2024-01-13T17:00:00,73,0,0.0,False,3,1.0,0.625
gerri_heather,AZPS,sentinel_v3,2024-01-12T07:00:00,73,0,0.0,False,1,1.0,1.0
gerri_heather,AZPS,sentinel_v3_distance_neighbors,2024-01-12T07:00:00,73,0,0.0,False,1,1.0,1.0
gerri_heather,AZPS,sentinel_v3_profile_neighbors,2024-01-12T07:00:00,73,0,0.0,False,1,1.0,1.0
gerri_heather,AZPS,sentinel_v3_profile_weather,2024-01-12T07:00:00,73,0,0.0,False,1,1.0,1.0
gerri_heather,AZPS,sentinel_v3_regime_only,2024-01-12T07:00:00,73,0,0.0,False,1,1.0,1.0
gerri_heather,AZPS,sentinel_v2,2024-01-12T07:00:00,73,0,0.0,False,1,1.0,1.0
gerri_heather,AZPS,modified_zscore,2024-01-12T07:00:00,73,0,0.0,False,1,0.0,0.0
gerri_heather,AZPS,relative_deviation,2024-01-12T07:00:00,73,0,0.0,False,1,1.0,1.0
gerri_heather,AZPS,teda_level,2024-01-12T07:00:00,73,0,0.0,False,1,1.0,1.0
gerri_heather,AZPS,autoencoder,2024-01-12T07:00:00,73,0,0.0,False,1,1.0,0.6
gerri_heather,BANC,sentinel_v3,2024-01-12T08:00:00,73,0,0.0,False,3,1.0,1.0
gerri_heather,BANC,sentinel_v3_distance_neighbors,2024-01-12T08:00:00,73,0,0.0,False,3,1.0,1.0
gerri_heather,BANC,sentinel_v3_profile_neighbors,2024-01-12T08:00:00,73,0,0.0,False,3,1.0,1.0
gerri_heather,BANC,sentinel_v3_profile_weather,2024-01-12T08:00:00,73,0,0.0,False,3,1.0,1.0
gerri_heather,BANC,sentinel_v3_regime_only,2024-01-12T08:00:00,73,0,0.0,False,3,1.0,1.0
gerri_heather,BANC,sentinel_v2,2024-01-12T08:00:00,73,0,0.0,False,3,1.0,1.0
gerri_heather,BANC,modified_zscore,2024-01-12T08:00:00,73,0,0.0,False,3,0.0,0.0
gerri_heather,BANC,relative_deviation,2024-01-12T08:00:00,73,0,0.0,False,3,1.0,0.7142857142857143
gerri_heather,BANC,teda_level,2024-01-12T08:00:00,73,0,0.0,False,3,1.0,1.0
gerri_heather,BANC,autoencoder,2024-01-12T08:00:00,73,0,0.0,False,3,1.0,1.0
gerri_heather,BPAT,sentinel_v3,2024-01-13T10:00:00,73,0,0.0,False,1,1.0,1.0
gerri_heather,BPAT,sentinel_v3_distance_neighbors,2024-01-13T10:00:00,73,0,0.0,False,1,1.0,1.0
gerri_heather,BPAT,sentinel_v3_profile_neighbors,2024-01-13T10:00:00,73,0,0.0,False,1,1.0,1.0
gerri_heather,BPAT,sentinel_v3_profile_weather,2024-01-13T10:00:00,73,0,0.0,False,1,1.0,1.0
gerri_heather,BPAT,sentinel_v3_regime_only,2024-01-13T10:00:00,73,0,0.0,False,1,1.0,1.0
gerri_heather,BPAT,sentinel_v2,2024-01-13T10:00:00,73,0,0.0,False,1,1.0,1.0
gerri_heather,BPAT,modified_zscore,2024-01-13T10:00:00,73,0,0.0,False,1,0.0,0.0
gerri_heather,BPAT,relative_deviation,2024-01-13T10:00:00,73,0,0.0,False,1,1.0,0.6666666666666666
gerri_heather,BPAT,teda_level,2024-01-13T10:00:00,73,0,0.0,False,1,1.0,1.0
gerri_heather,BPAT,autoencoder,2024-01-13T10:00:00,73,10,0.136986301369863,True,1,1.0,0.42857142857142855
gerri_heather,CISO,sentinel_v3,2024-01-12T08:00:00,73,0,0.0,False,44,0.7209302325581395,1.0
gerri_heather,CISO,sentinel_v3_distance_neighbors,2024-01-12T08:00:00,73,0,0.0,False,44,0.7209302325581395,1.0
gerri_heather,CISO,sentinel_v3_profile_neighbors,2024-01-12T08:00:00,73,0,0.0,False,44,0.32558139534883723,1.0
gerri_heather,CISO,sentinel_v3_profile_weather,2024-01-12T08:00:00,73,0,0.0,False,44,0.7209302325581395,1.0
gerri_heather,CISO,sentinel_v3_regime_only,2024-01-12T08:00:00,73,0,0.0,False,44,0.7209302325581395,1.0
gerri_heather,CISO,sentinel_v2,2024-01-12T08:00:00,73,0,0.0,False,44,0.32558139534883723,1.0
gerri_heather,CISO,modified_zscore,2024-01-12T08:00:00,73,0,0.0,False,44,0.0,0.0
gerri_heather,CISO,relative_deviation,2024-01-12T08:00:00,73,0,0.0,False,44,0.13636363636363635,0.75
gerri_heather,CISO,teda_level,2024-01-12T08:00:00,73,0,0.0,False,44,0.3023255813953488,1.0
gerri_heather,CISO,autoencoder,2024-01-12T08:00:00,73,0,0.0,False,44,0.09090909090909091,0.8
gerri_heather,CPLE,sentinel_v3,2024-01-17T07:00:00,73,0,0.0,False,44,1.0,1.0
gerri_heather,CPLE,sentinel_v3_distance_neighbors,2024-01-17T07:00:00,73,0,0.0,False,44,1.0,1.0
gerri_heather,CPLE,sentinel_v3_profile_neighbors,2024-01-17T07:00:00,73,0,0.0,False,44,1.0,1.0
gerri_heather,CPLE,sentinel_v3_profile_weather,2024-01-17T07:00:00,73,0,0.0,False,44,1.0,1.0
gerri_heather,CPLE,sentinel_v3_regime_only,2024-01-17T07:00:00,73,0,0.0,False,44,1.0,1.0
gerri_heather,CPLE,sentinel_v2,2024-01-17T07:00:00,73,1,0.0136986301369863,False,44,1.0,1.0
gerri_heather,CPLE,modified_zscore,2024-01-17T07:00:00,73,5,0.0684931506849315,True,44,1.0,1.0
gerri_heather,CPLE,relative_deviation,2024-01-17T07:00:00,73,0,0.0,False,44,0.13636363636363635,0.75
gerri_heather,CPLE,teda_level,2024-01-17T07:00:00,73,0,0.0,False,44,0.5813953488372093,1.0
gerri_heather,CPLE,autoencoder,2024-01-17T07:00:00,73,0,0.0,False,44,1.0,0.92
gerri_heather,CPLW,sentinel_v3,2024-01-17T08:00:00,73,1,0.0136986301369863,False,11,1.0,0.9230769230769231
gerri_heather,CPLW,sentinel_v3_distance_neighbors,2024-01-17T08:00:00,73,0,0.0,False,11,1.0,1.0
gerri_heather,CPLW,sentinel_v3_profile_neighbors,2024-01-17T08:00:00,73,0,0.0,False,11,1.0,1.0
gerri_heather,CPLW,sentinel_v3_profile_weather,2024-01-17T08:00:00,73,0,0.0,False,11,1.0,1.0
gerri_heather,CPLW,sentinel_v3_regime_only,2024-01-17T08:00:00,73,6,0.0821917808219178,True,11,1.0,0.6666666666666666
gerri_heather,CPLW,sentinel_v2,2024-01-17T08:00:00,73,4,0.0547945205479452,False,11,1.0,0.75
gerri_heather,CPLW,modified_zscore,2024-01-17T08:00:00,73,15,0.2054794520547945,True,11,0.0,0.0
gerri_heather,CPLW,relative_deviation,2024-01-17T08:00:00,73,0,0.0,False,11,0.0,0.0
gerri_heather,CPLW,teda_level,2024-01-17T08:00:00,73,5,0.0684931506849315,True,11,0.0,0.0
gerri_heather,CPLW,autoencoder,2024-01-17T08:00:00,73,4,0.0547945205479452,True,11,0.0,0.0
gerri_heather,DUK,sentinel_v3,2024-01-17T07:00:00,73,0,0.0,False,1,1.0,1.0
gerri_heather,DUK,sentinel_v3_distance_neighbors,2024-01-17T07:00:00,73,0,0.0,False,1,1.0,1.0
gerri_heather,DUK,sentinel_v3_profile_neighbors,2024-01-17T07:00:00,73,0,0.0,False,1,1.0,1.0
gerri_heather,DUK,sentinel_v3_profile_weather,2024-01-17T07:00:00,73,0,0.0,False,1,1.0,1.0
gerri_heather,DUK,sentinel_v3_regime_only,2024-01-17T07:00:00,73,0,0.0,False,1,1.0,1.0
gerri_heather,DUK,sentinel_v2,2024-01-17T07:00:00,73,3,0.0410958904109589,True,1,1.0,0.5
gerri_heather,DUK,modified_zscore,2024-01-17T07:00:00,73,6,0.0821917808219178,True,1,1.0,0.3333333333333333
gerri_heather,DUK,relative_deviation,2024-01-17T07:00:00,73,0,0.0,False,1,1.0,0.6
gerri_heather,DUK,teda_level,2024-01-17T07:00:00,73,3,0.0410958904109589,True,1,1.0,0.5
gerri_heather,DUK,autoencoder,2024-01-17T07:00:00,73,3,0.0410958904109589,True,1,1.0,0.6
gerri_heather,EPE,sentinel_v3,2024-01-16T19:00:00,73,0,0.0,False,41,1.0,1.0
gerri_heather,EPE,sentinel_v3_distance_neighbors,2024-01-16T19:00:00,73,0,0.0,False,41,1.0,1.0
gerri_heather,EPE,sentinel_v3_profile_neighbors,2024-01-16T19:00:00,73,0,0.0,False,41,0.45,1.0
gerri_heather,EPE,sentinel_v3_profile_weather,2024-01-16T19:00:00,73,0,0.0,False,41,1.0,1.0
gerri_heather,EPE,sentinel_v3_regime_only,2024-01-16T19:00:00,73,0,0.0,False,41,1.0,1.0
gerri_heather,EPE,sentinel_v2,2024-01-16T19:00:00,73,0,0.0,False,41,0.45,1.0
gerri_heather,EPE,modified_zscore,2024-01-16T19:00:00,73,0,0.0,False,41,1.0,1.0
gerri_heather,EPE,relative_deviation,2024-01-16T19:00:00,73,0,0.0,False,41,0.14634146341463414,0.75
gerri_heather,EPE,teda_level,2024-01-16T19:00:00,73,0,0.0,False,41,0.425,1.0
gerri_heather,EPE,autoencoder,2024-01-16T19:00:00,73,0,0.0,False,41,0.1951219512195122,0.8
gerri_heather,ERCO,sentinel_v3,2024-01-16T07:00:00,73,2,0.0273972602739726,False,1,1.0,0.3333333333333333
gerri_heather,ERCO,sentinel_v3_distance_neighbors,2024-01-16T07:00:00,73,2,0.0273972602739726,False,1,1.0,0.3333333333333333
gerri_heather,ERCO,sentinel_v3_profile_neighbors,2024-01-16T07:00:00,73,2,0.0273972602739726,False,1,1.0,0.3333333333333333
gerri_heather,ERCO,sentinel_v3_profile_weather,2024-01-16T07:00:00,73,2,0.0273972602739726,False,1,1.0,0.3333333333333333
gerri_heather,ERCO,sentinel_v3_regime_only,2024-01-16T07:00:00,73,2,0.0273972602739726,False,1,1.0,0.3333333333333333
gerri_heather,ERCO,sentinel_v2,2024-01-16T07:00:00,73,2,0.0273972602739726,False,1,1.0,0.3333333333333333
gerri_heather,ERCO,modified_zscore,2024-01-16T07:00:00,73,3,0.0410958904109589,True,1,1.0,0.25
gerri_heather,ERCO,relative_deviation,2024-01-16T07:00:00,73,0,0.0,False,1,1.0,0.6
gerri_heather,ERCO,teda_level,2024-01-16T07:00:00,73,2,0.0273972602739726,False,1,1.0,0.3333333333333333
gerri_heather,ERCO,autoencoder,2024-01-16T07:00:00,73,0,0.0,False,1,1.0,0.6
gerri_heather,FMPP,sentinel_v3,2024-01-17T19:00:00,73,0,0.0,False,11,1.0,1.0
gerri_heather,FMPP,sentinel_v3_distance_neighbors,2024-01-17T19:00:00,73,0,0.0,False,11,1.0,1.0
gerri_heather,FMPP,sentinel_v3_profile_neighbors,2024-01-17T19:00:00,73,0,0.0,False,11,1.0,1.0
gerri_heather,FMPP,sentinel_v3_profile_weather,2024-01-17T19:00:00,73,0,0.0,False,11,1.0,1.0
gerri_heather,FMPP,sentinel_v3_regime_only,2024-01-17T19:00:00,73,0,0.0,False,11,1.0,1.0
gerri_heather,FMPP,sentinel_v2,2024-01-17T19:00:00,73,0,0.0,False,11,1.0,1.0
gerri_heather,FMPP,modified_zscore,2024-01-17T19:00:00,73,0,0.0,False,11,0.0,0.0
gerri_heather,FMPP,relative_deviation,2024-01-17T19:00:00,73,0,0.0,False,11,0.0,0.0
gerri_heather,FMPP,teda_level,2024-01-17T19:00:00,73,0,0.0,False,11,0.0,0.0
gerri_heather,FMPP,autoencoder,2024-01-17T19:00:00,73,0,0.0,False,11,0.0,0.0
gerri_heather,FPC,sentinel_v3,2024-01-17T08:00:00,73,0,0.0,False,12,1.0,1.0
gerri_heather,FPC,sentinel_v3_distance_neighbors,2024-01-17T08:00:00,73,0,0.0,False,12,1.0,1.0
gerri_heather,FPC,sentinel_v3_profile_neighbors,2024-01-17T08:00:00,73,0,0.0,False,12,1.0,1.0
gerri_heather,FPC,sentinel_v3_profile_weather,2024-01-17T08:00:00,73,0,0.0,False,12,1.0,1.0
gerri_heather,FPC,sentinel_v3_regime_only,2024-01-17T08:00:00,73,1,0.0136986301369863,False,12,1.0,0.9230769230769231
gerri_heather,FPC,sentinel_v2,2024-01-17T08:00:00,73,0,0.0,False,12,1.0,1.0
gerri_heather,FPC,modified_zscore,2024-01-17T08:00:00,73,0,0.0,False,12,0.0,0.0
gerri_heather,FPC,relative_deviation,2024-01-17T08:00:00,73,0,0.0,False,12,0.0,0.0
gerri_heather,FPC,teda_level,2024-01-17T08:00:00,73,0,0.0,False,12,0.0,0.0
gerri_heather,FPC,autoencoder,2024-01-17T08:00:00,73,0,0.0,False,12,0.08333333333333333,1.0
gerri_heather,FPL,sentinel_v3,2024-01-16T18:00:00,73,0,0.0,False,2,1.0,1.0
gerri_heather,FPL,sentinel_v3_distance_neighbors,2024-01-16T18:00:00,73,0,0.0,False,2,1.0,1.0
gerri_heather,FPL,sentinel_v3_profile_neighbors,2024-01-16T18:00:00,73,0,0.0,False,2,1.0,1.0
gerri_heather,FPL,sentinel_v3_profile_weather,2024-01-16T18:00:00,73,0,0.0,False,2,1.0,1.0
gerri_heather,FPL,sentinel_v3_regime_only,2024-01-16T18:00:00,73,0,0.0,False,2,1.0,1.0
gerri_heather,FPL,sentinel_v2,2024-01-16T18:00:00,73,0,0.0,False,2,1.0,1.0
gerri_heather,FPL,modified_zscore,2024-01-16T18:00:00,73,0,0.0,False,2,1.0,1.0
gerri_heather,FPL,relative_deviation,2024-01-16T18:00:00,73,0,0.0,False,2,1.0,0.6666666666666666
gerri_heather,FPL,teda_level,2024-01-16T18:00:00,73,0,0.0,False,2,1.0,1.0
gerri_heather,FPL,autoencoder,2024-01-16T18:00:00,73,0,0.0,False,2,1.0,1.0
gerri_heather,GCPD,sentinel_v3,2024-01-12T08:00:00,73,2,0.0273972602739726,False,40,1.0,1.0
gerri_heather,GCPD,sentinel_v3_distance_neighbors,2024-01-12T08:00:00,73,2,0.0273972602739726,False,40,1.0,1.0
gerri_heather,GCPD,sentinel_v3_profile_neighbors,2024-01-12T08:00:00,73,7,0.0958904109589041,True,40,1.0,1.0
gerri_heather,GCPD,sentinel_v3_profile_weather,2024-01-12T08:00:00,73,2,0.0273972602739726,False,40,1.0,1.0
gerri_heather,GCPD,sentinel_v3_regime_only,2024-01-12T08:00:00,73,2,0.0273972602739726,False,40,1.0,1.0
gerri_heather,GCPD,sentinel_v2,2024-01-12T08:00:00,73,7,0.0958904109589041,True,40,1.0,1.0
gerri_heather,GCPD,modified_zscore,2024-01-12T08:00:00,73,0,0.0,False,40,0.0,0.0
gerri_heather,GCPD,relative_deviation,2024-01-12T08:00:00,73,0,0.0,False,40,0.15,0.75
gerri_heather,GCPD,teda_level,2024-01-12T08:00:00,73,5,0.0684931506849315,True,40,0.358974358974359,1.0
gerri_heather,GCPD,autoencoder,2024-01-12T08:00:00,73,0,0.0,False,40,1.0,0.9333333333333333
gerri_heather,IPCO,sentinel_v3,2024-01-16T07:00:00,73,0,0.0,False,1,0.0,0.0
gerri_heather,IPCO,sentinel_v3_distance_neighbors,2024-01-16T07:00:00,73,0,0.0,False,1,0.0,0.0
gerri_heather,IPCO,sentinel_v3_profile_neighbors,2024-01-16T07:00:00,73,0,0.0,False,1,0.0,0.0
gerri_heather,IPCO,sentinel_v3_profile_weather,2024-01-16T07:00:00,73,0,0.0,False,1,0.0,0.0
gerri_heather,IPCO,sentinel_v3_regime_only,2024-01-16T07:00:00,73,0,0.0,False,1,0.0,0.0
gerri_heather,IPCO,sentinel_v2,2024-01-16T07:00:00,73,0,0.0,False,1,0.0,0.0
gerri_heather,IPCO,modified_zscore,2024-01-16T07:00:00,73,0,0.0,False,1,0.0,0.0
gerri_heather,IPCO,relative_deviation,2024-01-16T07:00:00,73,0,0.0,False,1,1.0,1.0
gerri_heather,IPCO,teda_level,2024-01-16T07:00:00,73,0,0.0,False,1,1.0,1.0
gerri_heather,IPCO,autoencoder,2024-01-16T07:00:00,73,0,0.0,False,1,1.0,0.75
gerri_heather,ISNE,sentinel_v3,2024-01-17T18:00:00,73,0,0.0,False,36,1.0,1.0
gerri_heather,ISNE,sentinel_v3_distance_neighbors,2024-01-17T18:00:00,73,0,0.0,False,36,1.0,1.0
gerri_heather,ISNE,sentinel_v3_profile_neighbors,2024-01-17T18:00:00,73,0,0.0,False,36,1.0,1.0
gerri_heather,ISNE,sentinel_v3_profile_weather,2024-01-17T18:00:00,73,0,0.0,False,36,1.0,1.0
gerri_heather,ISNE,sentinel_v3_regime_only,2024-01-17T18:00:00,73,0,0.0,False,36,1.0,1.0
gerri_heather,ISNE,sentinel_v2,2024-01-17T18:00:00,73,0,0.0,False,36,1.0,1.0
gerri_heather,ISNE,modified_zscore,2024-01-17T18:00:00,73,0,0.0,False,36,1.0,1.0
gerri_heather,ISNE,relative_deviation,2024-01-17T18:00:00,73,0,0.0,False,36,0.16666666666666666,0.75
gerri_heather,ISNE,teda_level,2024-01-17T18:00:00,73,0,0.0,False,36,0.7272727272727273,1.0
gerri_heather,ISNE,autoencoder,2024-01-17T18:00:00,73,0,0.0,False,36,1.0,0.9
gerri_heather,JEA,sentinel_v3,2024-01-17T08:00:00,73,1,0.0136986301369863,False,3,1.0,0.75
gerri_heather,JEA,sentinel_v3_distance_neighbors,2024-01-17T08:00:00,73,0,0.0,False,3,1.0,1.0
gerri_heather,JEA,sentinel_v3_profile_neighbors,2024-01-17T08:00:00,73,1,0.0136986301369863,False,3,1.0,0.75
gerri_heather,JEA,sentinel_v3_profile_weather,2024-01-17T08:00:00,73,0,0.0,False,3,1.0,1.0
gerri_heather,JEA,sentinel_v3_regime_only,2024-01-17T08:00:00,73,5,0.0684931506849315,True,3,1.0,0.375
gerri_heather,JEA,sentinel_v2,2024-01-17T08:00:00,73,6,0.0821917808219178,True,3,1.0,0.3333333333333333
gerri_heather,JEA,modified_zscore,2024-01-17T08:00:00,73,15,0.2054794520547945,True,3,1.0,0.25
gerri_heather,JEA,relative_deviation,2024-01-17T08:00:00,73,0,0.0,False,3,0.0,0.0
gerri_heather,JEA,teda_level,2024-01-17T08:00:00,73,4,0.0547945205479452,True,3,0.0,0.0
gerri_heather,JEA,autoencoder,2024-01-17T08:00:00,73,0,0.0,False,3,0.0,0.0
gerri_heather,LDWP,sentinel_v3,2024-01-12T12:00:00,73,0,0.0,False,1,1.0,1.0
gerri_heather,LDWP,sentinel_v3_distance_neighbors,2024-01-12T12:00:00,73,0,0.0,False,1,1.0,1.0
gerri_heather,LDWP,sentinel_v3_profile_neighbors,2024-01-12T12:00:00,73,0,0.0,False,1,1.0,1.0
gerri_heather,LDWP,sentinel_v3_profile_weather,2024-01-12T12:00:00,73,0,0.0,False,1,1.0,1.0
gerri_heather,LDWP,sentinel_v3_regime_only,2024-01-12T12:00:00,73,0,0.0,False,1,1.0,1.0
gerri_heather,LDWP,sentinel_v2,2024-01-12T12:00:00,73,0,0.0,False,1,1.0,1.0
gerri_heather,LDWP,modified_zscore,2024-01-12T12:00:00,73,0,0.0,False,1,0.0,0.0
gerri_heather,LDWP,relative_deviation,2024-01-12T12:00:00,73,0,0.0,False,1,1.0,1.0
gerri_heather,LDWP,teda_level,2024-01-12T12:00:00,73,0,0.0,False,1,0.0,0.0
gerri_heather,LDWP,autoencoder,2024-01-12T12:00:00,73,0,0.0,False,1,1.0,1.0
gerri_heather,LGEE,sentinel_v3,2024-01-17T08:00:00,73,1,0.0136986301369863,False,3,1.0,1.0
gerri_heather,LGEE,sentinel_v3_distance_neighbors,2024-01-17T08:00:00,73,1,0.0136986301369863,False,3,1.0,1.0
gerri_heather,LGEE,sentinel_v3_profile_neighbors,2024-01-17T08:00:00,73,1,0.0136986301369863,False,3,1.0,1.0
gerri_heather,LGEE,sentinel_v3_profile_weather,2024-01-17T08:00:00,73,0,0.0,False,3,1.0,1.0
gerri_heather,LGEE,sentinel_v3_regime_only,2024-01-17T08:00:00,73,1,0.0136986301369863,False,3,1.0,1.0
gerri_heather,LGEE,sentinel_v2,2024-01-17T08:00:00,73,1,0.0136986301369863,False,3,1.0,1.0
gerri_heather,LGEE,modified_zscore,2024-01-17T08:00:00,73,9,0.1232876712328767,True,3,1.0,0.25
gerri_heather,LGEE,relative_deviation,2024-01-17T08:00:00,73,0,0.0,False,3,1.0,0.7142857142857143
gerri_heather,LGEE,teda_level,2024-01-17T08:00:00,73,0,0.0,False,3,1.0,1.0
gerri_heather,LGEE,autoencoder,2024-01-17T08:00:00,73,4,0.0547945205479452,True,3,1.0,0.625
gerri_heather,MISO,sentinel_v3,2024-01-17T08:00:00,73,0,0.0,False,19,1.0,1.0
gerri_heather,MISO,sentinel_v3_distance_neighbors,2024-01-17T08:00:00,73,0,0.0,False,19,1.0,1.0
gerri_heather,MISO,sentinel_v3_profile_neighbors,2024-01-17T08:00:00,73,0,0.0,False,19,1.0,1.0
gerri_heather,MISO,sentinel_v3_profile_weather,2024-01-17T08:00:00,73,0,0.0,False,19,1.0,1.0
gerri_heather,MISO,sentinel_v3_regime_only,2024-01-17T08:00:00,73,0,0.0,False,19,1.0,1.0
gerri_heather,MISO,sentinel_v2,2024-01-17T08:00:00,73,0,0.0,False,19,1.0,1.0
gerri_heather,MISO,modified_zscore,2024-01-17T08:00:00,73,0,0.0,False,19,0.8888888888888888,1.0
gerri_heather,MISO,relative_deviation,2024-01-17T08:00:00,73,0,0.0,False,19,0.3157894736842105,0.8571428571428571
gerri_heather,MISO,teda_level,2024-01-17T08:00:00,73,0,0.0,False,19,1.0,1.0
gerri_heather,MISO,autoencoder,2024-01-17T08:00:00,73,0,0.0,False,19,1.0,0.9130434782608695
gerri_heather,NEVP,sentinel_v3,2024-01-12T17:00:00,73,0,0.0,False,1,1.0,1.0
gerri_heather,NEVP,sentinel_v3_distance_neighbors,2024-01-12T17:00:00,73,0,0.0,False,1,1.0,1.0
gerri_heather,NEVP,sentinel_v3_profile_neighbors,2024-01-12T17:00:00,73,0,0.0,False,1,1.0,1.0
gerri_heather,NEVP,sentinel_v3_profile_weather,2024-01-12T17:00:00,73,0,0.0,False,1,1.0,1.0
gerri_heather,NEVP,sentinel_v3_regime_only,2024-01-12T17:00:00,73,0,0.0,False,1,1.0,1.0
gerri_heather,NEVP,sentinel_v2,2024-01-12T17:00:00,73,0,0.0,False,1,1.0,1.0
gerri_heather,NEVP,modified_zscore,2024-01-12T17:00:00,73,0,0.0,False,1,0.0,0.0
gerri_heather,NEVP,relative_deviation,2024-01-12T17:00:00,73,0,0.0,False,1,1.0,0.6
gerri_heather,NEVP,teda_level,2024-01-12T17:00:00,73,0,0.0,False,1,1.0,1.0
gerri_heather,NEVP,autoencoder,2024-01-12T17:00:00,73,0,0.0,False,1,1.0,1.0
gerri_heather,NWMT,sentinel_v3,2024-01-13T17:00:00,73,0,0.0,False,11,1.0,1.0
gerri_heather,NWMT,sentinel_v3_distance_neighbors,2024-01-13T17:00:00,73,0,0.0,False,11,1.0,1.0
gerri_heather,NWMT,sentinel_v3_profile_neighbors,2024-01-13T17:00:00,73,0,0.0,False,11,1.0,1.0
gerri_heather,NWMT,sentinel_v3_profile_weather,2024-01-13T17:00:00,73,0,0.0,False,11,1.0,1.0
gerri_heather,NWMT,sentinel_v3_regime_only,2024-01-13T17:00:00,73,0,0.0,False,11,1.0,1.0
gerri_heather,NWMT,sentinel_v2,2024-01-13T17:00:00,73,0,0.0,False,11,1.0,1.0
gerri_heather,NWMT,modified_zscore,2024-01-13T17:00:00,73,0,0.0,False,11,0.0,0.0
gerri_heather,NWMT,relative_deviation,2024-01-13T17:00:00,73,0,0.0,False,11,0.0,0.0
gerri_heather,NWMT,teda_level,2024-01-13T17:00:00,73,0,0.0,False,11,0.0,0.0
gerri_heather,NWMT,autoencoder,2024-01-13T17:00:00,73,0,0.0,False,11,0.0,0.0
gerri_heather,NYIS,sentinel_v3,2024-01-17T17:00:00,72,0,0.0,False,1,0.0,0.0
gerri_heather,NYIS,sentinel_v3_distance_neighbors,2024-01-17T17:00:00,72,0,0.0,False,1,0.0,0.0
gerri_heather,NYIS,sentinel_v3_profile_neighbors,2024-01-17T17:00:00,72,0,0.0,False,1,0.0,0.0
gerri_heather,NYIS,sentinel_v3_profile_weather,2024-01-17T17:00:00,72,0,0.0,False,1,0.0,0.0
gerri_heather,NYIS,sentinel_v3_regime_only,2024-01-17T17:00:00,72,0,0.0,False,1,1.0,1.0
gerri_heather,NYIS,sentinel_v2,2024-01-17T17:00:00,72,0,0.0,False,1,1.0,1.0
gerri_heather,NYIS,modified_zscore,2024-01-17T17:00:00,72,0,0.0,False,1,1.0,1.0
gerri_heather,NYIS,relative_deviation,2024-01-17T17:00:00,72,0,0.0,False,1,1.0,0.6666666666666666
gerri_heather,NYIS,teda_level,2024-01-17T17:00:00,72,0,0.0,False,1,1.0,1.0
gerri_heather,NYIS,autoencoder,2024-01-17T17:00:00,72,0,0.0,False,1,1.0,0.5
gerri_heather,PACE,sentinel_v3,2024-01-15T18:00:00,73,0,0.0,False,1,1.0,1.0
gerri_heather,PACE,sentinel_v3_distance_neighbors,2024-01-15T18:00:00,73,0,0.0,False,1,1.0,1.0
gerri_heather,PACE,sentinel_v3_profile_neighbors,2024-01-15T18:00:00,73,0,0.0,False,1,1.0,1.0
gerri_heather,PACE,sentinel_v3_profile_weather,2024-01-15T18:00:00,73,0,0.0,False,1,1.0,1.0
gerri_heather,PACE,sentinel_v3_regime_only,2024-01-15T18:00:00,73,0,0.0,False,1,1.0,1.0
gerri_heather,PACE,sentinel_v2,2024-01-15T18:00:00,73,0,0.0,False,1,1.0,1.0
gerri_heather,PACE,modified_zscore,2024-01-15T18:00:00,73,0,0.0,False,1,0.0,0.0
gerri_heather,PACE,relative_deviation,2024-01-15T18:00:00,73,0,0.0,False,1,1.0,0.5
gerri_heather,PACE,teda_level,2024-01-15T18:00:00,73,0,0.0,False,1,1.0,1.0
gerri_heather,PACE,autoencoder,2024-01-15T18:00:00,73,0,0.0,False,1,1.0,0.42857142857142855
gerri_heather,PACW,sentinel_v3,2024-01-16T08:00:00,73,0,0.0,False,1,0.0,0.0
gerri_heather,PACW,sentinel_v3_distance_neighbors,2024-01-16T08:00:00,73,0,0.0,False,1,0.0,0.0
gerri_heather,PACW,sentinel_v3_profile_neighbors,2024-01-16T08:00:00,73,0,0.0,False,1,0.0,0.0
gerri_heather,PACW,sentinel_v3_profile_weather,2024-01-16T08:00:00,73,0,0.0,False,1,0.0,0.0
gerri_heather,PACW,sentinel_v3_regime_only,2024-01-16T08:00:00,73,0,0.0,False,1,0.0,0.0
gerri_heather,PACW,sentinel_v2,2024-01-16T08:00:00,73,0,0.0,False,1,0.0,0.0
gerri_heather,PACW,modified_zscore,2024-01-16T08:00:00,73,0,0.0,False,1,0.0,0.0
gerri_heather,PACW,relative_deviation,2024-01-16T08:00:00,73,0,0.0,False,1,1.0,1.0
gerri_heather,PACW,teda_level,2024-01-16T08:00:00,73,0,0.0,False,1,0.0,0.0
gerri_heather,PACW,autoencoder,2024-01-16T08:00:00,73,3,0.0410958904109589,True,1,1.0,0.375
gerri_heather,PGE,sentinel_v3,2024-01-16T17:00:00,73,0,0.0,False,1,1.0,1.0
gerri_heather,PGE,sentinel_v3_distance_neighbors,2024-01-16T17:00:00,73,0,0.0,False,1,1.0,1.0
gerri_heather,PGE,sentinel_v3_profile_neighbors,2024-01-16T17:00:00,73,0,0.0,False,1,1.0,1.0
gerri_heather,PGE,sentinel_v3_profile_weather,2024-01-16T17:00:00,73,0,0.0,False,1,1.0,1.0
gerri_heather,PGE,sentinel_v3_regime_only,2024-01-16T17:00:00,73,0,0.0,False,1,1.0,1.0
gerri_heather,PGE,sentinel_v2,2024-01-16T17:00:00,73,0,0.0,False,1,1.0,1.0
gerri_heather,PGE,modified_zscore,2024-01-16T17:00:00,73,0,0.0,False,1,0.0,0.0
gerri_heather,PGE,relative_deviation,2024-01-16T17:00:00,73,0,0.0,False,1,1.0,1.0
gerri_heather,PGE,teda_level,2024-01-16T17:00:00,73,0,0.0,False,1,0.0,0.0
gerri_heather,PGE,autoencoder,2024-01-16T17:00:00,73,2,0.0273972602739726,True,1,1.0,0.42857142857142855
gerri_heather,PJM,sentinel_v3,2024-01-17T08:00:00,73,0,0.0,False,1,1.0,1.0
gerri_heather,PJM,sentinel_v3_distance_neighbors,2024-01-17T08:00:00,73,0,0.0,False,1,1.0,1.0
gerri_heather,PJM,sentinel_v3_profile_neighbors,2024-01-17T08:00:00,73,0,0.0,False,1,1.0,1.0
gerri_heather,PJM,sentinel_v3_profile_weather,2024-01-17T08:00:00,73,0,0.0,False,1,1.0,1.0
gerri_heather,PJM,sentinel_v3_regime_only,2024-01-17T08:00:00,73,0,0.0,False,1,1.0,1.0
gerri_heather,PJM,sentinel_v2,2024-01-17T08:00:00,73,0,0.0,False,1,1.0,1.0
gerri_heather,PJM,modified_zscore,2024-01-17T08:00:00,73,4,0.0547945205479452,True,1,1.0,0.2
gerri_heather,PJM,relative_deviation,2024-01-17T08:00:00,73,0,0.0,False,1,1.0,0.6
gerri_heather,PJM,teda_level,2024-01-17T08:00:00,73,0,0.0,False,1,1.0,1.0
gerri_heather,PJM,autoencoder,2024-01-17T08:00:00,73,0,0.0,False,1,1.0,0.5
gerri_heather,PNM,sentinel_v3,2024-01-12T07:00:00,73,0,0.0,False,9,1.0,1.0
gerri_heather,PNM,sentinel_v3_distance_neighbors,2024-01-12T07:00:00,73,0,0.0,False,9,1.0,1.0
gerri_heather,PNM,sentinel_v3_profile_neighbors,2024-01-12T07:00:00,73,0,0.0,False,9,1.0,1.0
gerri_heather,PNM,sentinel_v3_profile_weather,2024-01-12T07:00:00,73,0,0.0,False,9,1.0,1.0
gerri_heather,PNM,sentinel_v3_regime_only,2024-01-12T07:00:00,73,0,0.0,False,9,1.0,1.0
gerri_heather,PNM,sentinel_v2,2024-01-12T07:00:00,73,0,0.0,False,9,1.0,1.0
gerri_heather,PNM,modified_zscore,2024-01-12T07:00:00,73,0,0.0,False,9,0.0,0.0
gerri_heather,PNM,relative_deviation,2024-01-12T07:00:00,73,0,0.0,False,9,0.0,0.0
gerri_heather,PNM,teda_level,2024-01-12T07:00:00,73,0,0.0,False,9,0.0,0.0
gerri_heather,PNM,autoencoder,2024-01-12T07:00:00,73,0,0.0,False,9,0.2222222222222222,1.0
gerri_heather,PSCO,sentinel_v3,2024-01-15T17:00:00,73,0,0.0,False,1,1.0,1.0
gerri_heather,PSCO,sentinel_v3_distance_neighbors,2024-01-15T17:00:00,73,0,0.0,False,1,1.0,1.0
gerri_heather,PSCO,sentinel_v3_profile_neighbors,2024-01-15T17:00:00,73,0,0.0,False,1,1.0,1.0
gerri_heather,PSCO,sentinel_v3_profile_weather,2024-01-15T17:00:00,73,0,0.0,False,1,1.0,1.0
gerri_heather,PSCO,sentinel_v3_regime_only,2024-01-15T17:00:00,73,0,0.0,False,1,1.0,1.0
gerri_heather,PSCO,sentinel_v2,2024-01-15T17:00:00,73,0,0.0,False,1,1.0,1.0
gerri_heather,PSCO,modified_zscore,2024-01-15T17:00:00,73,0,0.0,False,1,0.0,0.0
gerri_heather,PSCO,relative_deviation,2024-01-15T17:00:00,73,0,0.0,False,1,1.0,0.6
gerri_heather,PSCO,teda_level,2024-01-15T17:00:00,73,0,0.0,False,1,1.0,1.0
gerri_heather,PSCO,autoencoder,2024-01-15T17:00:00,73,0,0.0,False,1,1.0,1.0
gerri_heather,PSEI,sentinel_v3,2024-01-12T17:00:00,73,0,0.0,False,1,1.0,1.0
gerri_heather,PSEI,sentinel_v3_distance_neighbors,2024-01-12T17:00:00,73,0,0.0,False,1,1.0,1.0
gerri_heather,PSEI,sentinel_v3_profile_neighbors,2024-01-12T17:00:00,73,0,0.0,False,1,1.0,1.0
gerri_heather,PSEI,sentinel_v3_profile_weather,2024-01-12T17:00:00,73,0,0.0,False,1,1.0,1.0
gerri_heather,PSEI,sentinel_v3_regime_only,2024-01-12T17:00:00,73,0,0.0,False,1,1.0,1.0
gerri_heather,PSEI,sentinel_v2,2024-01-12T17:00:00,73,0,0.0,False,1,1.0,1.0
gerri_heather,PSEI,modified_zscore,2024-01-12T17:00:00,73,0,0.0,False,1,0.0,0.0
gerri_heather,PSEI,relative_deviation,2024-01-12T17:00:00,73,0,0.0,False,1,1.0,1.0
gerri_heather,PSEI,teda_level,2024-01-12T17:00:00,73,0,0.0,False,1,0.0,0.0
gerri_heather,PSEI,autoencoder,2024-01-12T17:00:00,73,5,0.0684931506849315,True,1,1.0,0.3
gerri_heather,SC,sentinel_v3,2024-01-17T07:00:00,73,0,0.0,False,12,1.0,1.0
gerri_heather,SC,sentinel_v3_distance_neighbors,2024-01-17T07:00:00,73,0,0.0,False,12,1.0,1.0
gerri_heather,SC,sentinel_v3_profile_neighbors,2024-01-17T07:00:00,73,0,0.0,False,12,1.0,1.0
gerri_heather,SC,sentinel_v3_profile_weather,2024-01-17T07:00:00,73,0,0.0,False,12,1.0,1.0
gerri_heather,SC,sentinel_v3_regime_only,2024-01-17T07:00:00,73,0,0.0,False,12,1.0,1.0
gerri_heather,SC,sentinel_v2,2024-01-17T07:00:00,73,0,0.0,False,12,1.0,1.0
gerri_heather,SC,modified_zscore,2024-01-17T07:00:00,73,4,0.0547945205479452,False,12,0.0,0.0
gerri_heather,SC,relative_deviation,2024-01-17T07:00:00,73,0,0.0,False,12,0.08333333333333333,1.0
gerri_heather,SC,teda_level,2024-01-17T07:00:00,73,0,0.0,False,12,0.0,0.0
gerri_heather,SC,autoencoder,2024-01-17T07:00:00,73,0,0.0,False,12,0.16666666666666666,0.6666666666666666
gerri_heather,SCEG,sentinel_v3,2024-01-17T07:00:00,73,0,0.0,False,1,1.0,1.0
gerri_heather,SCEG,sentinel_v3_distance_neighbors,2024-01-17T07:00:00,73,0,0.0,False,1,1.0,1.0
gerri_heather,SCEG,sentinel_v3_profile_neighbors,2024-01-17T07:00:00,73,1,0.0136986301369863,False,1,1.0,1.0
gerri_heather,SCEG,sentinel_v3_profile_weather,2024-01-17T07:00:00,73,0,0.0,False,1,1.0,1.0
gerri_heather,SCEG,sentinel_v3_regime_only,2024-01-17T07:00:00,73,0,0.0,False,1,1.0,1.0
gerri_heather,SCEG,sentinel_v2,2024-01-17T07:00:00,73,1,0.0136986301369863,False,1,1.0,1.0
gerri_heather,SCEG,modified_zscore,2024-01-17T07:00:00,73,5,0.0684931506849315,True,1,1.0,0.16666666666666666
gerri_heather,SCEG,relative_deviation,2024-01-17T07:00:00,73,0,0.0,False,1,1.0,0.6
gerri_heather,SCEG,teda_level,2024-01-17T07:00:00,73,0,0.0,False,1,1.0,1.0
gerri_heather,SCEG,autoencoder,2024-01-17T07:00:00,73,0,0.0,False,1,1.0,1.0
gerri_heather,SCL,sentinel_v3,2024-01-12T17:00:00,73,0,0.0,False,2,1.0,1.0
gerri_heather,SCL,sentinel_v3_distance_neighbors,2024-01-12T17:00:00,73,0,0.0,False,2,1.0,1.0
gerri_heather,SCL,sentinel_v3_profile_neighbors,2024-01-12T17:00:00,73,0,0.0,False,2,1.0,1.0
gerri_heather,SCL,sentinel_v3_profile_weather,2024-01-12T17:00:00,73,0,0.0,False,2,1.0,1.0
gerri_heather,SCL,sentinel_v3_regime_only,2024-01-12T17:00:00,73,0,0.0,False,2,1.0,1.0
gerri_heather,SCL,sentinel_v2,2024-01-12T17:00:00,73,0,0.0,False,2,1.0,1.0
gerri_heather,SCL,modified_zscore,2024-01-12T17:00:00,73,0,0.0,False,2,0.0,0.0
gerri_heather,SCL,relative_deviation,2024-01-12T17:00:00,73,0,0.0,False,2,1.0,0.6666666666666666
gerri_heather,SCL,teda_level,2024-01-12T17:00:00,73,0,0.0,False,2,1.0,1.0
gerri_heather,SCL,autoencoder,2024-01-12T17:00:00,73,0,0.0,False,2,1.0,0.5714285714285714
gerri_heather,SOCO,sentinel_v3,2024-01-17T06:00:00,73,0,0.0,False,15,1.0,1.0
gerri_heather,SOCO,sentinel_v3_distance_neighbors,2024-01-17T06:00:00,73,0,0.0,False,15,1.0,1.0
gerri_heather,SOCO,sentinel_v3_profile_neighbors,2024-01-17T06:00:00,73,0,0.0,False,15,1.0,1.0
gerri_heather,SOCO,sentinel_v3_profile_weather,2024-01-17T06:00:00,73,0,0.0,False,15,1.0,1.0
gerri_heather,SOCO,sentinel_v3_regime_only,2024-01-17T06:00:00,73,4,0.0547945205479452,True,15,1.0,1.0
gerri_heather,SOCO,sentinel_v2,2024-01-17T06:00:00,73,4,0.0547945205479452,True,15,1.0,1.0
gerri_heather,SOCO,modified_zscore,2024-01-17T06:00:00,73,22,0.3013698630136986,True,15,1.0,0.45714285714285713
gerri_heather,SOCO,relative_deviation,2024-01-17T06:00:00,73,0,0.0,False,15,0.4,0.75
gerri_heather,SOCO,teda_level,2024-01-17T06:00:00,73,3,0.0410958904109589,True,15,1.0,1.0
gerri_heather,SOCO,autoencoder,2024-01-17T06:00:00,73,3,0.0410958904109589,True,15,1.0,0.8095238095238095
gerri_heather,SRP,sentinel_v3,2024-01-12T07:00:00,73,0,0.0,False,1,1.0,1.0
gerri_heather,SRP,sentinel_v3_distance_neighbors,2024-01-12T07:00:00,73,0,0.0,False,1,1.0,1.0
gerri_heather,SRP,sentinel_v3_profile_neighbors,2024-01-12T07:00:00,73,0,0.0,False,1,1.0,1.0
gerri_heather,SRP,sentinel_v3_profile_weather,2024-01-12T07:00:00,73,0,0.0,False,1,1.0,1.0
gerri_heather,SRP,sentinel_v3_regime_only,2024-01-12T07:00:00,73,0,0.0,False,1,1.0,1.0
gerri_heather,SRP,sentinel_v2,2024-01-12T07:00:00,73,0,0.0,False,1,1.0,1.0
gerri_heather,SRP,modified_zscore,2024-01-12T07:00:00,73,0,0.0,False,1,0.0,0.0
gerri_heather,SRP,relative_deviation,2024-01-12T07:00:00,73,0,0.0,False,1,1.0,0.6
gerri_heather,SRP,teda_level,2024-01-12T07:00:00,73,0,0.0,False,1,1.0,1.0
gerri_heather,SRP,autoencoder,2024-01-12T07:00:00,73,0,0.0,False,1,1.0,0.6
gerri_heather,SWPP,sentinel_v3,2024-01-14T18:00:00,73,1,0.0136986301369863,False,1,1.0,1.0
gerri_heather,SWPP,sentinel_v3_distance_neighbors,2024-01-14T18:00:00,73,1,0.0136986301369863,False,1,1.0,1.0
gerri_heather,SWPP,sentinel_v3_profile_neighbors,2024-01-14T18:00:00,73,1,0.0136986301369863,False,1,1.0,1.0
gerri_heather,SWPP,sentinel_v3_profile_weather,2024-01-14T18:00:00,73,1,0.0136986301369863,False,1,1.0,1.0
gerri_heather,SWPP,sentinel_v3_regime_only,2024-01-14T18:00:00,73,1,0.0136986301369863,False,1,1.0,1.0
gerri_heather,SWPP,sentinel_v2,2024-01-14T18:00:00,73,1,0.0136986301369863,False,1,1.0,1.0
gerri_heather,SWPP,modified_zscore,2024-01-14T18:00:00,73,0,0.0,False,1,0.0,0.0
gerri_heather,SWPP,relative_deviation,2024-01-14T18:00:00,73,0,0.0,False,1,1.0,0.6
gerri_heather,SWPP,teda_level,2024-01-14T18:00:00,73,1,0.0136986301369863,False,1,1.0,1.0
gerri_heather,SWPP,autoencoder,2024-01-14T18:00:00,73,5,0.0684931506849315,True,1,1.0,0.6
gerri_heather,TEC,sentinel_v3,2024-01-17T19:00:00,73,0,0.0,False,1,0.0,0.0
gerri_heather,TEC,sentinel_v3_distance_neighbors,2024-01-17T19:00:00,73,0,0.0,False,1,0.0,0.0
gerri_heather,TEC,sentinel_v3_profile_neighbors,2024-01-17T19:00:00,73,0,0.0,False,1,0.0,0.0
gerri_heather,TEC,sentinel_v3_profile_weather,2024-01-17T19:00:00,73,0,0.0,False,1,0.0,0.0
gerri_heather,TEC,sentinel_v3_regime_only,2024-01-17T19:00:00,73,0,0.0,False,1,0.0,0.0
gerri_heather,TEC,sentinel_v2,2024-01-17T19:00:00,73,0,0.0,False,1,0.0,0.0
gerri_heather,TEC,modified_zscore,2024-01-17T19:00:00,73,0,0.0,False,1,0.0,0.0
gerri_heather,TEC,relative_deviation,2024-01-17T19:00:00,73,0,0.0,False,1,1.0,1.0
gerri_heather,TEC,teda_level,2024-01-17T19:00:00,73,0,0.0,False,1,0.0,0.0
gerri_heather,TEC,autoencoder,2024-01-17T19:00:00,73,0,0.0,False,1,1.0,0.75
gerri_heather,TEPC,sentinel_v3,2024-01-12T07:00:00,72,0,0.0,False,1,1.0,1.0
gerri_heather,TEPC,sentinel_v3_distance_neighbors,2024-01-12T07:00:00,72,0,0.0,False,1,1.0,1.0
gerri_heather,TEPC,sentinel_v3_profile_neighbors,2024-01-12T07:00:00,72,0,0.0,False,1,1.0,1.0
gerri_heather,TEPC,sentinel_v3_profile_weather,2024-01-12T07:00:00,72,0,0.0,False,1,1.0,1.0
gerri_heather,TEPC,sentinel_v3_regime_only,2024-01-12T07:00:00,72,0,0.0,False,1,1.0,1.0
gerri_heather,TEPC,sentinel_v2,2024-01-12T07:00:00,72,0,0.0,False,1,1.0,1.0
gerri_heather,TEPC,modified_zscore,2024-01-12T07:00:00,72,0,0.0,False,1,0.0,0.0
gerri_heather,TEPC,relative_deviation,2024-01-12T07:00:00,72,0,0.0,False,1,1.0,1.0
gerri_heather,TEPC,teda_level,2024-01-12T07:00:00,72,0,0.0,False,1,0.0,0.0
gerri_heather,TEPC,autoencoder,2024-01-12T07:00:00,72,0,0.0,False,1,1.0,1.0
gerri_heather,TPWR,sentinel_v3,2024-01-12T17:00:00,73,0,0.0,False,14,1.0,1.0
gerri_heather,TPWR,sentinel_v3_distance_neighbors,2024-01-12T17:00:00,73,0,0.0,False,14,1.0,1.0
gerri_heather,TPWR,sentinel_v3_profile_neighbors,2024-01-12T17:00:00,73,0,0.0,False,14,1.0,1.0
gerri_heather,TPWR,sentinel_v3_profile_weather,2024-01-12T17:00:00,73,0,0.0,False,14,1.0,1.0
gerri_heather,TPWR,sentinel_v3_regime_only,2024-01-12T17:00:00,73,0,0.0,False,14,1.0,1.0
gerri_heather,TPWR,sentinel_v2,2024-01-12T17:00:00,73,0,0.0,False,14,1.0,1.0
gerri_heather,TPWR,modified_zscore,2024-01-12T17:00:00,73,0,0.0,False,14,0.0,0.0
gerri_heather,TPWR,relative_deviation,2024-01-12T17:00:00,73,0,0.0,False,14,0.42857142857142855,0.75
gerri_heather,TPWR,teda_level,2024-01-12T17:00:00,73,0,0.0,False,14,1.0,1.0
gerri_heather,TPWR,autoencoder,2024-01-12T17:00:00,73,3,0.0410958904109589,True,14,1.0,0.8
gerri_heather,TVA,sentinel_v3,2024-01-17T07:00:00,73,1,0.0136986301369863,False,9,1.0,1.0
gerri_heather,TVA,sentinel_v3_distance_neighbors,2024-01-17T07:00:00,73,1,0.0136986301369863,False,9,1.0,1.0
gerri_heather,TVA,sentinel_v3_profile_neighbors,2024-01-17T07:00:00,73,0,0.0,False,9,1.0,1.0
gerri_heather,TVA,sentinel_v3_profile_weather,2024-01-17T07:00:00,73,1,0.0136986301369863,False,9,1.0,1.0
gerri_heather,TVA,sentinel_v3_regime_only,2024-01-17T07:00:00,73,1,0.0136986301369863,False,9,1.0,1.0
gerri_heather,TVA,sentinel_v2,2024-01-17T07:00:00,73,1,0.0136986301369863,False,9,1.0,1.0
gerri_heather,TVA,modified_zscore,2024-01-17T07:00:00,73,18,0.2465753424657534,True,9,0.7777777777777778,0.3333333333333333
gerri_heather,TVA,relative_deviation,2024-01-17T07:00:00,73,0,0.0,False,9,0.0,0.0
gerri_heather,TVA,teda_level,2024-01-17T07:00:00,73,0,0.0,False,9,0.0,0.0
gerri_heather,TVA,autoencoder,2024-01-17T07:00:00,73,0,0.0,False,9,0.0,0.0
gerri_heather,WACM,sentinel_v3,2024-01-15T18:00:00,73,0,0.0,False,1,1.0,1.0
gerri_heather,WACM,sentinel_v3_distance_neighbors,2024-01-15T18:00:00,73,0,0.0,False,1,1.0,1.0
gerri_heather,WACM,sentinel_v3_profile_neighbors,2024-01-15T18:00:00,73,0,0.0,False,1,1.0,1.0
gerri_heather,WACM,sentinel_v3_profile_weather,2024-01-15T18:00:00,73,0,0.0,False,1,1.0,1.0
gerri_heather,WACM,sentinel_v3_regime_only,2024-01-15T18:00:00,73,0,0.0,False,1,1.0,1.0
gerri_heather,WACM,sentinel_v2,2024-01-15T18:00:00,73,0,0.0,False,1,1.0,1.0
gerri_heather,WACM,modified_zscore,2024-01-15T18:00:00,73,0,0.0,False,1,1.0,1.0
gerri_heather,WACM,relative_deviation,2024-01-15T18:00:00,73,0,0.0,False,1,1.0,0.6
gerri_heather,WACM,teda_level,2024-01-15T18:00:00,73,0,0.0,False,1,1.0,1.0
gerri_heather,WACM,autoencoder,2024-01-15T18:00:00,73,0,0.0,False,1,1.0,0.6
gerri_heather,WALC,sentinel_v3,2024-01-12T07:00:00,73,0,0.0,False,1,1.0,1.0
gerri_heather,WALC,sentinel_v3_distance_neighbors,2024-01-12T07:00:00,73,0,0.0,False,1,1.0,1.0
gerri_heather,WALC,sentinel_v3_profile_neighbors,2024-01-12T07:00:00,73,0,0.0,False,1,1.0,1.0
gerri_heather,WALC,sentinel_v3_profile_weather,2024-01-12T07:00:00,73,0,0.0,False,1,1.0,1.0
gerri_heather,WALC,sentinel_v3_regime_only,2024-01-12T07:00:00,73,0,0.0,False,1,1.0,1.0
gerri_heather,WALC,sentinel_v2,2024-01-12T07:00:00,73,0,0.0,False,1,1.0,1.0
gerri_heather,WALC,modified_zscore,2024-01-12T07:00:00,73,0,0.0,False,1,0.0,0.0
gerri_heather,WALC,relative_deviation,2024-01-12T07:00:00,73,0,0.0,False,1,1.0,0.6
gerri_heather,WALC,teda_level,2024-01-12T07:00:00,73,0,0.0,False,1,1.0,1.0
gerri_heather,WALC,autoencoder,2024-01-12T07:00:00,73,0,0.0,False,1,0.0,0.0
january_2025,AECI,sentinel_v3,2025-01-21T07:00:00,73,1,0.0136986301369863,False,11,1.0,1.0
january_2025,AECI,sentinel_v3_distance_neighbors,2025-01-21T07:00:00,73,1,0.0136986301369863,False,11,1.0,1.0
january_2025,AECI,sentinel_v3_profile_neighbors,2025-01-21T07:00:00,73,0,0.0,False,11,1.0,1.0
january_2025,AECI,sentinel_v3_profile_weather,2025-01-21T07:00:00,73,1,0.0136986301369863,False,11,1.0,1.0
january_2025,AECI,sentinel_v3_regime_only,2025-01-21T07:00:00,73,1,0.0136986301369863,False,11,1.0,1.0
january_2025,AECI,sentinel_v2,2025-01-21T07:00:00,73,1,0.0136986301369863,False,11,1.0,1.0
january_2025,AECI,modified_zscore,2025-01-21T07:00:00,73,3,0.0410958904109589,True,11,1.0,0.7857142857142857
january_2025,AECI,relative_deviation,2025-01-21T07:00:00,73,0,0.0,False,11,0.5454545454545454,0.75
january_2025,AECI,teda_level,2025-01-21T07:00:00,73,0,0.0,False,11,1.0,1.0
january_2025,AECI,autoencoder,2025-01-21T07:00:00,73,6,0.0821917808219178,True,11,0.7272727272727273,0.42105263157894735
january_2025,AVA,sentinel_v3,2025-01-22T07:00:00,73,0,0.0,False,12,1.0,1.0
january_2025,AVA,sentinel_v3_distance_neighbors,2025-01-22T07:00:00,73,0,0.0,False,12,1.0,1.0
january_2025,AVA,sentinel_v3_profile_neighbors,2025-01-22T07:00:00,73,0,0.0,False,12,1.0,1.0
january_2025,AVA,sentinel_v3_profile_weather,2025-01-22T07:00:00,73,0,0.0,False,12,1.0,1.0
january_2025,AVA,sentinel_v3_regime_only,2025-01-22T07:00:00,73,0,0.0,False,12,1.0,1.0
january_2025,AVA,sentinel_v2,2025-01-22T07:00:00,73,0,0.0,False,12,1.0,1.0
january_2025,AVA,modified_zscore,2025-01-22T07:00:00,73,0,0.0,False,12,0.0,0.0
january_2025,AVA,relative_deviation,2025-01-22T07:00:00,73,0,0.0,False,12,0.0,0.0
january_2025,AVA,teda_level,2025-01-22T07:00:00,73,0,0.0,False,12,0.0,0.0
january_2025,AVA,autoencoder,2025-01-22T07:00:00,73,0,0.0,False,12,0.0,0.0
january_2025,AZPS,sentinel_v3,2025-01-22T07:00:00,73,0,0.0,False,1,1.0,1.0
january_2025,AZPS,sentinel_v3_distance_neighbors,2025-01-22T07:00:00,73,0,0.0,False,1,1.0,1.0
january_2025,AZPS,sentinel_v3_profile_neighbors,2025-01-22T07:00:00,73,0,0.0,False,1,1.0,1.0
january_2025,AZPS,sentinel_v3_profile_weather,2025-01-22T07:00:00,73,0,0.0,False,1,0.0,0.0
january_2025,AZPS,sentinel_v3_regime_only,2025-01-22T07:00:00,73,0,0.0,False,1,1.0,1.0
january_2025,AZPS,sentinel_v2,2025-01-22T07:00:00,73,0,0.0,False,1,1.0,1.0
january_2025,AZPS,modified_zscore,2025-01-22T07:00:00,73,1,0.0136986301369863,True,1,1.0,1.0
january_2025,AZPS,relative_deviation,2025-01-22T07:00:00,73,0,0.0,False,1,1.0,0.5
january_2025,AZPS,teda_level,2025-01-22T07:00:00,73,0,0.0,False,1,1.0,1.0
january_2025,AZPS,autoencoder,2025-01-22T07:00:00,73,0,0.0,False,1,1.0,1.0
january_2025,BANC,sentinel_v3,2025-01-22T07:00:00,73,0,0.0,False,1,1.0,1.0
january_2025,BANC,sentinel_v3_distance_neighbors,2025-01-22T07:00:00,73,0,0.0,False,1,1.0,1.0
january_2025,BANC,sentinel_v3_profile_neighbors,2025-01-22T07:00:00,73,0,0.0,False,1,1.0,1.0
january_2025,BANC,sentinel_v3_profile_weather,2025-01-22T07:00:00,73,0,0.0,False,1,1.0,1.0
january_2025,BANC,sentinel_v3_regime_only,2025-01-22T07:00:00,73,0,0.0,False,1,1.0,1.0
january_2025,BANC,sentinel_v2,2025-01-22T07:00:00,73,0,0.0,False,1,1.0,1.0
january_2025,BANC,modified_zscore,2025-01-22T07:00:00,73,0,0.0,False,1,1.0,1.0
january_2025,BANC,relative_deviation,2025-01-22T07:00:00,73,0,0.0,False,1,1.0,0.6
january_2025,BANC,teda_level,2025-01-22T07:00:00,73,0,0.0,False,1,1.0,1.0
january_2025,BANC,autoencoder,2025-01-22T07:00:00,73,0,0.0,False,1,1.0,0.75
january_2025,BPAT,sentinel_v3,2025-01-22T07:00:00,73,0,0.0,False,1,1.0,1.0
january_2025,BPAT,sentinel_v3_distance_neighbors,2025-01-22T07:00:00,73,0,0.0,False,1,1.0,1.0
january_2025,BPAT,sentinel_v3_profile_neighbors,2025-01-22T07:00:00,73,0,0.0,False,1,1.0,1.0
january_2025,BPAT,sentinel_v3_profile_weather,2025-01-22T07:00:00,73,0,0.0,False,1,1.0,1.0
january_2025,BPAT,sentinel_v3_regime_only,2025-01-22T07:00:00,73,0,0.0,False,1,1.0,1.0
january_2025,BPAT,sentinel_v2,2025-01-22T07:00:00,73,0,0.0,False,1,1.0,1.0
january_2025,BPAT,modified_zscore,2025-01-22T07:00:00,73,0,0.0,False,1,1.0,1.0
january_2025,BPAT,relative_deviation,2025-01-22T07:00:00,73,0,0.0,False,1,1.0,0.6
january_2025,BPAT,teda_level,2025-01-22T07:00:00,73,0,0.0,False,1,1.0,1.0
january_2025,BPAT,autoencoder,2025-01-22T07:00:00,73,5,0.0684931506849315,True,1,1.0,0.6
january_2025,CISO,sentinel_v3,2025-01-21T09:00:00,73,0,0.0,False,36,1.0,1.0
january_2025,CISO,sentinel_v3_distance_neighbors,2025-01-21T09:00:00,73,0,0.0,False,36,1.0,1.0
january_2025,CISO,sentinel_v3_profile_neighbors,2025-01-21T09:00:00,73,0,0.0,False,36,1.0,1.0
january_2025,CISO,sentinel_v3_profile_weather,2025-01-21T09:00:00,73,0,0.0,False,36,1.0,1.0
january_2025,CISO,sentinel_v3_regime_only,2025-01-21T09:00:00,73,0,0.0,False,36,1.0,1.0
january_2025,CISO,sentinel_v2,2025-01-21T09:00:00,73,0,0.0,False,36,1.0,1.0
january_2025,CISO,modified_zscore,2025-01-21T09:00:00,73,0,0.0,False,36,1.0,1.0
january_2025,CISO,relative_deviation,2025-01-21T09:00:00,73,0,0.0,False,36,0.16666666666666666,0.75
january_2025,CISO,teda_level,2025-01-21T09:00:00,73,0,0.0,False,36,0.8787878787878788,1.0
january_2025,CISO,autoencoder,2025-01-21T09:00:00,73,0,0.0,False,36,1.0,0.925
january_2025,CPLE,sentinel_v3,2025-01-23T07:00:00,73,0,0.0,False,3,1.0,1.0
january_2025,CPLE,sentinel_v3_distance_neighbors,2025-01-23T07:00:00,73,0,0.0,False,3,1.0,1.0
january_2025,CPLE,sentinel_v3_profile_neighbors,2025-01-23T07:00:00,73,0,0.0,False,3,1.0,1.0
january_2025,CPLE,sentinel_v3_profile_weather,2025-01-23T07:00:00,73,0,0.0,False,3,1.0,1.0
january_2025,CPLE,sentinel_v3_regime_only,2025-01-23T07:00:00,73,0,0.0,False,3,1.0,1.0
january_2025,CPLE,sentinel_v2,2025-01-23T07:00:00,73,0,0.0,False,3,1.0,1.0
january_2025,CPLE,modified_zscore,2025-01-23T07:00:00,73,0,0.0,False,3,1.0,1.0
january_2025,CPLE,relative_deviation,2025-01-23T07:00:00,73,0,0.0,False,3,1.0,0.7142857142857143
january_2025,CPLE,teda_level,2025-01-23T07:00:00,73,0,0.0,False,3,1.0,1.0
january_2025,CPLE,autoencoder,2025-01-23T07:00:00,73,10,0.136986301369863,True,3,1.0,0.7142857142857143
january_2025,CPLW,sentinel_v3,2025-01-22T07:00:00,73,0,0.0,False,1,1.0,1.0
january_2025,CPLW,sentinel_v3_distance_neighbors,2025-01-22T07:00:00,73,0,0.0,False,1,0.0,0.0
january_2025,CPLW,sentinel_v3_profile_neighbors,2025-01-22T07:00:00,73,0,0.0,False,1,1.0,1.0
january_2025,CPLW,sentinel_v3_profile_weather,2025-01-22T07:00:00,73,0,0.0,False,1,0.0,0.0
january_2025,CPLW,sentinel_v3_regime_only,2025-01-22T07:00:00,73,0,0.0,False,1,1.0,1.0
january_2025,CPLW,sentinel_v2,2025-01-22T07:00:00,73,0,0.0,False,1,1.0,1.0
january_2025,CPLW,modified_zscore,2025-01-22T07:00:00,73,0,0.0,False,1,0.0,0.0
january_2025,CPLW,relative_deviation,2025-01-22T07:00:00,73,0,0.0,False,1,1.0,1.0
january_2025,CPLW,teda_level,2025-01-22T07:00:00,73,0,0.0,False,1,0.0,0.0
january_2025,CPLW,autoencoder,2025-01-22T07:00:00,73,22,0.3013698630136986,True,1,1.0,0.11538461538461539
january_2025,DUK,sentinel_v3,2025-01-23T07:00:00,73,0,0.0,False,11,1.0,1.0
january_2025,DUK,sentinel_v3_distance_neighbors,2025-01-23T07:00:00,73,0,0.0,False,11,1.0,1.0
january_2025,DUK,sentinel_v3_profile_neighbors,2025-01-23T07:00:00,73,0,0.0,False,11,1.0,1.0
january_2025,DUK,sentinel_v3_profile_weather,2025-01-23T07:00:00,73,0,0.0,False,11,1.0,1.0
january_2025,DUK,sentinel_v3_regime_only,2025-01-23T07:00:00,73,0,0.0,False,11,1.0,1.0
january_2025,DUK,sentinel_v2,2025-01-23T07:00:00,73,0,0.0,False,11,1.0,1.0
january_2025,DUK,modified_zscore,2025-01-23T07:00:00,73,0,0.0,False,11,1.0,1.0
january_2025,DUK,relative_deviation,2025-01-23T07:00:00,73,0,0.0,False,11,0.5454545454545454,0.75
january_2025,DUK,teda_level,2025-01-23T07:00:00,73,0,0.0,False,11,1.0,1.0
january_2025,DUK,autoencoder,2025-01-23T07:00:00,73,7,0.0958904109589041,True,11,1.0,0.7647058823529411
january_2025,EPE,sentinel_v3,2025-01-21T19:00:00,73,0,0.0,False,6,1.0,1.0
january_2025,EPE,sentinel_v3_distance_neighbors,2025-01-21T19:00:00,73,0,0.0,False,6,1.0,1.0
january_2025,EPE,sentinel_v3_profile_neighbors,2025-01-21T19:00:00,73,0,0.0,False,6,1.0,1.0
january_2025,EPE,sentinel_v3_profile_weather,2025-01-21T19:00:00,73,0,0.0,False,6,1.0,1.0
january_2025,EPE,sentinel_v3_regime_only,2025-01-21T19:00:00,73,0,0.0,False,6,1.0,1.0
january_2025,EPE,sentinel_v2,2025-01-21T19:00:00,73,0,0.0,False,6,1.0,1.0
january_2025,EPE,modified_zscore,2025-01-21T19:00:00,73,0,0.0,False,6,0.0,0.0
january_2025,EPE,relative_deviation,2025-01-21T19:00:00,73,0,0.0,False,6,0.0,0.0
january_2025,EPE,teda_level,2025-01-21T19:00:00,73,0,0.0,False,6,0.0,0.0
january_2025,EPE,autoencoder,2025-01-21T19:00:00,73,0,0.0,False,6,0.0,0.0
january_2025,ERCO,sentinel_v3,2025-01-22T07:00:00,73,0,0.0,False,7,1.0,1.0
january_2025,ERCO,sentinel_v3_distance_neighbors,2025-01-22T07:00:00,73,0,0.0,False,7,1.0,1.0
january_2025,ERCO,sentinel_v3_profile_neighbors,2025-01-22T07:00:00,73,0,0.0,False,7,1.0,1.0
january_2025,ERCO,sentinel_v3_profile_weather,2025-01-22T07:00:00,73,0,0.0,False,7,1.0,1.0
january_2025,ERCO,sentinel_v3_regime_only,2025-01-22T07:00:00,73,0,0.0,False,7,1.0,1.0
january_2025,ERCO,sentinel_v2,2025-01-22T07:00:00,73,0,0.0,False,7,1.0,1.0
january_2025,ERCO,modified_zscore,2025-01-22T07:00:00,73,0,0.0,False,7,0.0,0.0
january_2025,ERCO,relative_deviation,2025-01-22T07:00:00,73,0,0.0,False,7,0.0,0.0
january_2025,ERCO,teda_level,2025-01-22T07:00:00,73,0,0.0,False,7,0.0,0.0
january_2025,ERCO,autoencoder,2025-01-22T07:00:00,73,0,0.0,False,7,0.0,0.0
january_2025,FMPP,sentinel_v3,2025-01-22T19:00:00,73,0,0.0,False,15,1.0,1.0
january_2025,FMPP,sentinel_v3_distance_neighbors,2025-01-22T19:00:00,73,0,0.0,False,15,1.0,1.0
january_2025,FMPP,sentinel_v3_profile_neighbors,2025-01-22T19:00:00,73,0,0.0,False,15,1.0,1.0
january_2025,FMPP,sentinel_v3_profile_weather,2025-01-22T19:00:00,73,0,0.0,False,15,1.0,1.0
january_2025,FMPP,sentinel_v3_regime_only,2025-01-22T19:00:00,73,0,0.0,False,15,1.0,1.0
january_2025,FMPP,sentinel_v2,2025-01-22T19:00:00,73,0,0.0,False,15,1.0,1.0
january_2025,FMPP,modified_zscore,2025-01-22T19:00:00,73,5,0.0684931506849315,True,15,1.0,0.75
january_2025,FMPP,relative_deviation,2025-01-22T19:00:00,73,0,0.0,False,15,0.4,0.75
january_2025,FMPP,teda_level,2025-01-22T19:00:00,73,0,0.0,False,15,1.0,1.0
january_2025,FMPP,autoencoder,2025-01-22T19:00:00,73,0,0.0,False,15,1.0,0.8823529411764706
january_2025,FPC,sentinel_v3,2025-01-22T18:00:00,73,0,0.0,False,41,1.0,1.0
january_2025,FPC,sentinel_v3_distance_neighbors,2025-01-22T18:00:00,73,0,0.0,False,41,1.0,1.0
january_2025,FPC,sentinel_v3_profile_neighbors,2025-01-22T18:00:00,73,0,0.0,False,41,1.0,1.0
january_2025,FPC,sentinel_v3_profile_weather,2025-01-22T18:00:00,73,0,0.0,False,41,1.0,1.0
january_2025,FPC,sentinel_v3_regime_only,2025-01-22T18:00:00,73,0,0.0,False,41,1.0,1.0
january_2025,FPC,sentinel_v2,2025-01-22T18:00:00,73,0,0.0,False,41,1.0,1.0
january_2025,FPC,modified_zscore,2025-01-22T18:00:00,73,7,0.0958904109589041,True,41,1.0,0.9767441860465116
january_2025,FPC,relative_deviation,2025-01-22T18:00:00,73,0,0.0,False,41,0.14634146341463414,0.8571428571428571
january_2025,FPC,teda_level,2025-01-22T18:00:00,73,0,0.0,False,41,0.025,1.0
january_2025,FPC,autoencoder,2025-01-22T18:00:00,73,0,0.0,False,41,0.1951219512195122,0.6666666666666666
january_2025,FPL,sentinel_v3,2025-01-24T08:00:00,73,0,0.0,False,11,1.0,1.0
january_2025,FPL,sentinel_v3_distance_neighbors,2025-01-24T08:00:00,73,0,0.0,False,11,1.0,1.0
january_2025,FPL,sentinel_v3_profile_neighbors,2025-01-24T08:00:00,73,0,0.0,False,11,1.0,1.0
january_2025,FPL,sentinel_v3_profile_weather,2025-01-24T08:00:00,73,0,0.0,False,11,1.0,1.0
january_2025,FPL,sentinel_v3_regime_only,2025-01-24T08:00:00,73,0,0.0,False,11,1.0,1.0
january_2025,FPL,sentinel_v2,2025-01-24T08:00:00,73,0,0.0,False,11,1.0,1.0
january_2025,FPL,modified_zscore,2025-01-24T08:00:00,73,0,0.0,False,11,0.0,0.0
january_2025,FPL,relative_deviation,2025-01-24T08:00:00,73,0,0.0,False,11,0.0,0.0
january_2025,FPL,teda_level,2025-01-24T08:00:00,73,0,0.0,False,11,0.0,0.0
january_2025,FPL,autoencoder,2025-01-24T08:00:00,73,0,0.0,False,11,0.0,0.0
january_2025,GCPD,sentinel_v3,2025-01-22T07:00:00,73,2,0.0273972602739726,False,1,1.0,1.0
january_2025,GCPD,sentinel_v3_distance_neighbors,2025-01-22T07:00:00,73,2,0.0273972602739726,False,1,1.0,1.0
january_2025,GCPD,sentinel_v3_profile_neighbors,2025-01-22T07:00:00,73,2,0.0273972602739726,False,1,1.0,1.0
january_2025,GCPD,sentinel_v3_profile_weather,2025-01-22T07:00:00,73,2,0.0273972602739726,False,1,1.0,1.0
january_2025,GCPD,sentinel_v3_regime_only,2025-01-22T07:00:00,73,2,0.0273972602739726,False,1,1.0,1.0
january_2025,GCPD,sentinel_v2,2025-01-22T07:00:00,73,2,0.0273972602739726,False,1,1.0,1.0
january_2025,GCPD,modified_zscore,2025-01-22T07:00:00,73,0,0.0,False,1,1.0,1.0
january_2025,GCPD,relative_deviation,2025-01-22T07:00:00,73,0,0.0,False,1,1.0,0.6
january_2025,GCPD,teda_level,2025-01-22T07:00:00,73,0,0.0,False,1,1.0,1.0
january_2025,GCPD,autoencoder,2025-01-22T07:00:00,73,0,0.0,False,1,1.0,0.5
january_2025,IPCO,sentinel_v3,2025-01-21T07:00:00,73,0,0.0,False,1,1.0,1.0
january_2025,IPCO,sentinel_v3_distance_neighbors,2025-01-21T07:00:00,73,0,0.0,False,1,1.0,1.0
january_2025,IPCO,sentinel_v3_profile_neighbors,2025-01-21T07:00:00,73,0,0.0,False,1,1.0,1.0
january_2025,IPCO,sentinel_v3_profile_weather,2025-01-21T07:00:00,73,0,0.0,False,1,1.0,1.0
january_2025,IPCO,sentinel_v3_regime_only,2025-01-21T07:00:00,73,0,0.0,False,1,1.0,1.0
january_2025,IPCO,sentinel_v2,2025-01-21T07:00:00,73,0,0.0,False,1,1.0,1.0
january_2025,IPCO,modified_zscore,2025-01-21T07:00:00,73,0,0.0,False,1,1.0,1.0
january_2025,IPCO,relative_deviation,2025-01-21T07:00:00,73,0,0.0,False,1,1.0,1.0
january_2025,IPCO,teda_level,2025-01-21T07:00:00,73,0,0.0,False,1,1.0,1.0
january_2025,IPCO,autoencoder,2025-01-21T07:00:00,73,0,0.0,False,1,1.0,0.6
january_2025,ISNE,sentinel_v3,2025-01-21T17:00:00,73,0,0.0,False,46,1.0,1.0
january_2025,ISNE,sentinel_v3_distance_neighbors,2025-01-21T17:00:00,73,0,0.0,False,46,1.0,1.0
january_2025,ISNE,sentinel_v3_profile_neighbors,2025-01-21T17:00:00,73,0,0.0,False,46,0.6222222222222222,1.0
january_2025,ISNE,sentinel_v3_profile_weather,2025-01-21T17:00:00,73,0,0.0,False,46,1.0,1.0
january_2025,ISNE,sentinel_v3_regime_only,2025-01-21T17:00:00,73,0,0.0,False,46,1.0,1.0
january_2025,ISNE,sentinel_v2,2025-01-21T17:00:00,73,0,0.0,False,46,0.6222222222222222,1.0
january_2025,ISNE,modified_zscore,2025-01-21T17:00:00,73,0,0.0,False,46,1.0,1.0
january_2025,ISNE,relative_deviation,2025-01-21T17:00:00,73,0,0.0,False,46,0.13043478260869565,0.75
january_2025,ISNE,teda_level,2025-01-21T17:00:00,73,0,0.0,False,46,0.4666666666666667,1.0
january_2025,ISNE,autoencoder,2025-01-21T17:00:00,73,0,0.0,False,46,0.08695652173913043,0.8
january_2025,JEA,sentinel_v3,2025-01-22T08:00:00,73,0,0.0,False,1,1.0,1.0
january_2025,JEA,sentinel_v3_distance_neighbors,2025-01-22T08:00:00,73,0,0.0,False,1,1.0,1.0
january_2025,JEA,sentinel_v3_profile_neighbors,2025-01-22T08:00:00,73,0,0.0,False,1,1.0,1.0
january_2025,JEA,sentinel_v3_profile_weather,2025-01-22T08:00:00,73,0,0.0,False,1,1.0,1.0
january_2025,JEA,sentinel_v3_regime_only,2025-01-22T08:00:00,73,0,0.0,False,1,1.0,1.0
january_2025,JEA,sentinel_v2,2025-01-22T08:00:00,73,0,0.0,False,1,1.0,1.0
january_2025,JEA,modified_zscore,2025-01-22T08:00:00,73,0,0.0,False,1,1.0,1.0
january_2025,JEA,relative_deviation,2025-01-22T08:00:00,73,0,0.0,False,1,1.0,0.6
january_2025,JEA,teda_level,2025-01-22T08:00:00,73,0,0.0,False,1,1.0,1.0
january_2025,JEA,autoencoder,2025-01-22T08:00:00,73,11,0.1506849315068493,True,1,1.0,0.75
january_2025,LDWP,sentinel_v3,2025-01-24T17:00:00,73,0,0.0,False,19,1.0,1.0
january_2025,LDWP,sentinel_v3_distance_neighbors,2025-01-24T17:00:00,73,0,0.0,False,19,1.0,1.0
january_2025,LDWP,sentinel_v3_profile_neighbors,2025-01-24T17:00:00,73,0,0.0,False,19,1.0,1.0
january_2025,LDWP,sentinel_v3_profile_weather,2025-01-24T17:00:00,73,0,0.0,False,19,1.0,1.0
january_2025,LDWP,sentinel_v3_regime_only,2025-01-24T17:00:00,73,0,0.0,False,19,1.0,1.0
january_2025,LDWP,sentinel_v2,2025-01-24T17:00:00,73,0,0.0,False,19,1.0,1.0
january_2025,LDWP,modified_zscore,2025-01-24T17:00:00,73,0,0.0,False,19,1.0,1.0
january_2025,LDWP,relative_deviation,2025-01-24T17:00:00,73,0,0.0,False,19,0.3157894736842105,0.8571428571428571
january_2025,LDWP,teda_level,2025-01-24T17:00:00,73,0,0.0,False,19,1.0,1.0
january_2025,LDWP,autoencoder,2025-01-24T17:00:00,73,0,0.0,False,19,1.0,0.9130434782608695
january_2025,LGEE,sentinel_v3,2025-01-22T08:00:00,73,0,0.0,False,40,1.0,1.0
january_2025,LGEE,sentinel_v3_distance_neighbors,2025-01-22T08:00:00,73,0,0.0,False,40,1.0,1.0
january_2025,LGEE,sentinel_v3_profile_neighbors,2025-01-22T08:00:00,73,0,0.0,False,40,1.0,1.0
january_2025,LGEE,sentinel_v3_profile_weather,2025-01-22T08:00:00,73,0,0.0,False,40,1.0,1.0
january_2025,LGEE,sentinel_v3_regime_only,2025-01-22T08:00:00,73,0,0.0,False,40,1.0,1.0
january_2025,LGEE,sentinel_v2,2025-01-22T08:00:00,73,0,0.0,False,40,1.0,1.0
january_2025,LGEE,modified_zscore,2025-01-22T08:00:00,73,0,0.0,False,40,1.0,1.0
january_2025,LGEE,relative_deviation,2025-01-22T08:00:00,73,0,0.0,False,40,0.15,0.75
january_2025,LGEE,teda_level,2025-01-22T08:00:00,73,0,0.0,False,40,0.48717948717948717,1.0
january_2025,LGEE,autoencoder,2025-01-22T08:00:00,73,3,0.0410958904109589,True,40,0.15,0.75
january_2025,MISO,sentinel_v3,2025-01-21T09:00:00,73,0,0.0,False,1,1.0,1.0
january_2025,MISO,sentinel_v3_distance_neighbors,2025-01-21T09:00:00,73,0,0.0,False,1,1.0,1.0
january_2025,MISO,sentinel_v3_profile_neighbors,2025-01-21T09:00:00,73,0,0.0,False,1,1.0,1.0
january_2025,MISO,sentinel_v3_profile_weather,2025-01-21T09:00:00,73,0,0.0,False,1,1.0,1.0
january_2025,MISO,sentinel_v3_regime_only,2025-01-21T09:00:00,73,0,0.0,False,1,1.0,1.0
january_2025,MISO,sentinel_v2,2025-01-21T09:00:00,73,0,0.0,False,1,1.0,1.0
january_2025,MISO,modified_zscore,2025-01-21T09:00:00,73,0,0.0,False,1,1.0,1.0
january_2025,MISO,relative_deviation,2025-01-21T09:00:00,73,0,0.0,False,1,1.0,0.6
january_2025,MISO,teda_level,2025-01-21T09:00:00,73,0,0.0,False,1,1.0,1.0
january_2025,MISO,autoencoder,2025-01-21T09:00:00,73,0,0.0,False,1,1.0,0.75
january_2025,NEVP,sentinel_v3,2025-01-20T18:00:00,73,0,0.0,False,1,1.0,1.0
january_2025,NEVP,sentinel_v3_distance_neighbors,2025-01-20T18:00:00,73,0,0.0,False,1,1.0,1.0
january_2025,NEVP,sentinel_v3_profile_neighbors,2025-01-20T18:00:00,73,0,0.0,False,1,1.0,1.0
january_2025,NEVP,sentinel_v3_profile_weather,2025-01-20T18:00:00,73,0,0.0,False,1,1.0,1.0
january_2025,NEVP,sentinel_v3_regime_only,2025-01-20T18:00:00,73,0,0.0,False,1,1.0,1.0
january_2025,NEVP,sentinel_v2,2025-01-20T18:00:00,73,0,0.0,False,1,1.0,1.0
january_2025,NEVP,modified_zscore,2025-01-20T18:00:00,73,0,0.0,False,1,1.0,1.0
january_2025,NEVP,relative_deviation,2025-01-20T18:00:00,73,0,0.0,False,1,1.0,1.0
january_2025,NEVP,teda_level,2025-01-20T18:00:00,73,0,0.0,False,1,1.0,1.0
january_2025,NEVP,autoencoder,2025-01-20T18:00:00,73,0,0.0,False,1,0.0,0.0
january_2025,NWMT,sentinel_v3,2025-01-20T18:00:00,73,0,0.0,False,1,1.0,1.0
january_2025,NWMT,sentinel_v3_distance_neighbors,2025-01-20T18:00:00,73,0,0.0,False,1,1.0,1.0
january_2025,NWMT,sentinel_v3_profile_neighbors,2025-01-20T18:00:00,73,0,0.0,False,1,1.0,1.0
january_2025,NWMT,sentinel_v3_profile_weather,2025-01-20T18:00:00,73,0,0.0,False,1,1.0,1.0
january_2025,NWMT,sentinel_v3_regime_only,2025-01-20T18:00:00,73,0,0.0,False,1,1.0,1.0
january_2025,NWMT,sentinel_v2,2025-01-20T18:00:00,73,0,0.0,False,1,1.0,1.0
january_2025,NWMT,modified_zscore,2025-01-20T18:00:00,73,0,0.0,False,1,1.0,1.0
january_2025,NWMT,relative_deviation,2025-01-20T18:00:00,73,0,0.0,False,1,1.0,1.0
january_2025,NWMT,teda_level,2025-01-20T18:00:00,73,0,0.0,False,1,1.0,1.0
january_2025,NWMT,autoencoder,2025-01-20T18:00:00,73,0,0.0,False,1,0.0,0.0
january_2025,NYIS,sentinel_v3,2025-01-22T18:00:00,73,0,0.0,False,5,1.0,1.0
january_2025,NYIS,sentinel_v3_distance_neighbors,2025-01-22T18:00:00,73,0,0.0,False,5,1.0,1.0
january_2025,NYIS,sentinel_v3_profile_neighbors,2025-01-22T18:00:00,73,0,0.0,False,5,1.0,1.0
january_2025,NYIS,sentinel_v3_profile_weather,2025-01-22T18:00:00,73,0,0.0,False,5,1.0,1.0
january_2025,NYIS,sentinel_v3_regime_only,2025-01-22T18:00:00,73,0,0.0,False,5,1.0,1.0
january_2025,NYIS,sentinel_v2,2025-01-22T18:00:00,73,0,0.0,False,5,1.0,1.0
january_2025,NYIS,modified_zscore,2025-01-22T18:00:00,73,0,0.0,False,5,0.0,0.0
january_2025,NYIS,relative_deviation,2025-01-22T18:00:00,73,0,0.0,False,5,0.0,0.0
january_2025,NYIS,teda_level,2025-01-22T18:00:00,73,0,0.0,False,5,0.0,0.0
january_2025,NYIS,autoencoder,2025-01-22T18:00:00,73,0,0.0,False,5,0.2,1.0
january_2025,PACE,sentinel_v3,2025-01-20T18:00:00,73,0,0.0,False,12,1.0,1.0
january_2025,PACE,sentinel_v3_distance_neighbors,2025-01-20T18:00:00,73,0,0.0,False,12,1.0,1.0
january_2025,PACE,sentinel_v3_profile_neighbors,2025-01-20T18:00:00,73,0,0.0,False,12,1.0,1.0
january_2025,PACE,sentinel_v3_profile_weather,2025-01-20T18:00:00,73,0,0.0,False,12,1.0,1.0
january_2025,PACE,sentinel_v3_regime_only,2025-01-20T18:00:00,73,0,0.0,False,12,1.0,1.0
january_2025,PACE,sentinel_v2,2025-01-20T18:00:00,73,0,0.0,False,12,1.0,1.0
january_2025,PACE,modified_zscore,2025-01-20T18:00:00,73,0,0.0,False,12,0.0,0.0
january_2025,PACE,relative_deviation,2025-01-20T18:00:00,73,0,0.0,False,12,0.0,0.0
january_2025,PACE,teda_level,2025-01-20T18:00:00,73,0,0.0,False,12,0.0,0.0
january_2025,PACE,autoencoder,2025-01-20T18:00:00,73,0,0.0,False,12,0.16666666666666666,1.0
january_2025,PACW,sentinel_v3,2025-01-22T07:00:00,73,0,0.0,False,1,1.0,1.0
january_2025,PACW,sentinel_v3_distance_neighbors,2025-01-22T07:00:00,73,0,0.0,False,1,1.0,1.0
january_2025,PACW,sentinel_v3_profile_neighbors,2025-01-22T07:00:00,73,0,0.0,False,1,0.0,0.0
january_2025,PACW,sentinel_v3_profile_weather,2025-01-22T07:00:00,73,0,0.0,False,1,0.0,0.0
january_2025,PACW,sentinel_v3_regime_only,2025-01-22T07:00:00,73,0,0.0,False,1,1.0,1.0
january_2025,PACW,sentinel_v2,2025-01-22T07:00:00,73,0,0.0,False,1,1.0,1.0
january_2025,PACW,modified_zscore,2025-01-22T07:00:00,73,0,0.0,False,1,1.0,1.0
january_2025,PACW,relative_deviation,2025-01-22T07:00:00,73,0,0.0,False,1,1.0,1.0
january_2025,PACW,teda_level,2025-01-22T07:00:00,73,0,0.0,False,1,1.0,1.0
january_2025,PACW,autoencoder,2025-01-22T07:00:00,73,1,0.0136986301369863,True,1,1.0,0.5
january_2025,PGE,sentinel_v3,2025-01-22T07:00:00,73,0,0.0,False,2,1.0,1.0
january_2025,PGE,sentinel_v3_distance_neighbors,2025-01-22T07:00:00,73,0,0.0,False,2,1.0,1.0
january_2025,PGE,sentinel_v3_profile_neighbors,2025-01-22T07:00:00,73,0,0.0,False,2,1.0,1.0
january_2025,PGE,sentinel_v3_profile_weather,2025-01-22T07:00:00,73,0,0.0,False,2,1.0,1.0
january_2025,PGE,sentinel_v3_regime_only,2025-01-22T07:00:00,73,0,0.0,False,2,1.0,1.0
january_2025,PGE,sentinel_v2,2025-01-22T07:00:00,73,0,0.0,False,2,1.0,1.0
january_2025,PGE,modified_zscore,2025-01-22T07:00:00,73,0,0.0,False,2,1.0,1.0
january_2025,PGE,relative_deviation,2025-01-22T07:00:00,73,0,0.0,False,2,1.0,0.6666666666666666
january_2025,PGE,teda_level,2025-01-22T07:00:00,73,0,0.0,False,2,1.0,1.0
january_2025,PGE,autoencoder,2025-01-22T07:00:00,73,0,0.0,False,2,1.0,0.5714285714285714
january_2025,PJM,sentinel_v3,2025-01-22T08:00:00,73,0,0.0,False,3,1.0,1.0
january_2025,PJM,sentinel_v3_distance_neighbors,2025-01-22T08:00:00,73,0,0.0,False,3,1.0,1.0
january_2025,PJM,sentinel_v3_profile_neighbors,2025-01-22T08:00:00,73,0,0.0,False,3,1.0,1.0
january_2025,PJM,sentinel_v3_profile_weather,2025-01-22T08:00:00,73,0,0.0,False,3,1.0,1.0
january_2025,PJM,sentinel_v3_regime_only,2025-01-22T08:00:00,73,0,0.0,False,3,1.0,1.0
january_2025,PJM,sentinel_v2,2025-01-22T08:00:00,73,0,0.0,False,3,1.0,1.0
january_2025,PJM,modified_zscore,2025-01-22T08:00:00,73,0,0.0,False,3,1.0,1.0
january_2025,PJM,relative_deviation,2025-01-22T08:00:00,73,0,0.0,False,3,1.0,0.7142857142857143
january_2025,PJM,teda_level,2025-01-22T08:00:00,73,0,0.0,False,3,1.0,1.0
january_2025,PJM,autoencoder,2025-01-22T08:00:00,73,0,0.0,False,3,1.0,0.625
january_2025,PNM,sentinel_v3,2025-01-20T18:00:00,73,0,0.0,False,1,1.0,1.0
january_2025,PNM,sentinel_v3_distance_neighbors,2025-01-20T18:00:00,73,0,0.0,False,1,1.0,1.0
january_2025,PNM,sentinel_v3_profile_neighbors,2025-01-20T18:00:00,73,0,0.0,False,1,1.0,1.0
january_2025,PNM,sentinel_v3_profile_weather,2025-01-20T18:00:00,73,0,0.0,False,1,1.0,1.0
january_2025,PNM,sentinel_v3_regime_only,2025-01-20T18:00:00,73,0,0.0,False,1,1.0,1.0
january_2025,PNM,sentinel_v2,2025-01-20T18:00:00,73,0,0.0,False,1,1.0,1.0
january_2025,PNM,modified_zscore,2025-01-20T18:00:00,73,0,0.0,False,1,1.0,1.0
january_2025,PNM,relative_deviation,2025-01-20T18:00:00,73,0,0.0,False,1,1.0,0.5
january_2025,PNM,teda_level,2025-01-20T18:00:00,73,0,0.0,False,1,1.0,1.0
january_2025,PNM,autoencoder,2025-01-20T18:00:00,73,0,0.0,False,1,1.0,1.0
january_2025,PSCO,sentinel_v3,2025-01-20T18:00:00,73,0,0.0,False,11,1.0,1.0
january_2025,PSCO,sentinel_v3_distance_neighbors,2025-01-20T18:00:00,73,0,0.0,False,11,1.0,1.0
january_2025,PSCO,sentinel_v3_profile_neighbors,2025-01-20T18:00:00,73,0,0.0,False,11,1.0,1.0
january_2025,PSCO,sentinel_v3_profile_weather,2025-01-20T18:00:00,73,0,0.0,False,11,1.0,1.0
january_2025,PSCO,sentinel_v3_regime_only,2025-01-20T18:00:00,73,0,0.0,False,11,1.0,1.0
january_2025,PSCO,sentinel_v2,2025-01-20T18:00:00,73,0,0.0,False,11,1.0,1.0
january_2025,PSCO,modified_zscore,2025-01-20T18:00:00,73,0,0.0,False,11,0.0,0.0
january_2025,PSCO,relative_deviation,2025-01-20T18:00:00,73,0,0.0,False,11,0.0,0.0
january_2025,PSCO,teda_level,2025-01-20T18:00:00,73,0,0.0,False,11,0.0,0.0
january_2025,PSCO,autoencoder,2025-01-20T18:00:00,73,0,0.0,False,11,0.0,0.0
january_2025,PSEI,sentinel_v3,2025-01-22T07:00:00,73,0,0.0,False,8,1.0,1.0
january_2025,PSEI,sentinel_v3_distance_neighbors,2025-01-22T07:00:00,73,0,0.0,False,8,1.0,1.0
january_2025,PSEI,sentinel_v3_profile_neighbors,2025-01-22T07:00:00,73,0,0.0,False,8,1.0,1.0
january_2025,PSEI,sentinel_v3_profile_weather,2025-01-22T07:00:00,73,0,0.0,False,8,1.0,1.0
january_2025,PSEI,sentinel_v3_regime_only,2025-01-22T07:00:00,73,0,0.0,False,8,1.0,1.0
january_2025,PSEI,sentinel_v2,2025-01-22T07:00:00,73,0,0.0,False,8,1.0,1.0
january_2025,PSEI,modified_zscore,2025-01-22T07:00:00,73,0,0.0,False,8,0.0,0.0
january_2025,PSEI,relative_deviation,2025-01-22T07:00:00,73,0,0.0,False,8,0.0,0.0
january_2025,PSEI,teda_level,2025-01-22T07:00:00,73,0,0.0,False,8,0.0,0.0
january_2025,PSEI,autoencoder,2025-01-22T07:00:00,73,2,0.0273972602739726,True,8,0.25,0.4
january_2025,SC,sentinel_v3,2025-01-23T07:00:00,73,0,0.0,False,1,1.0,1.0
january_2025,SC,sentinel_v3_distance_neighbors,2025-01-23T07:00:00,73,0,0.0,False,1,1.0,1.0
january_2025,SC,sentinel_v3_profile_neighbors,2025-01-23T07:00:00,73,0,0.0,False,1,1.0,1.0
january_2025,SC,sentinel_v3_profile_weather,2025-01-23T07:00:00,73,0,0.0,False,1,1.0,1.0
january_2025,SC,sentinel_v3_regime_only,2025-01-23T07:00:00,73,0,0.0,False,1,1.0,1.0
january_2025,SC,sentinel_v2,2025-01-23T07:00:00,73,0,0.0,False,1,1.0,1.0
january_2025,SC,modified_zscore,2025-01-23T07:00:00,73,0,0.0,False,1,1.0,1.0
january_2025,SC,relative_deviation,2025-01-23T07:00:00,73,0,0.0,False,1,1.0,0.6
january_2025,SC,teda_level,2025-01-23T07:00:00,73,0,0.0,False,1,1.0,1.0
january_2025,SC,autoencoder,2025-01-23T07:00:00,73,1,0.0136986301369863,True,1,1.0,0.42857142857142855
january_2025,SCEG,sentinel_v3,2025-01-23T08:00:00,73,0,0.0,False,7,1.0,1.0
january_2025,SCEG,sentinel_v3_distance_neighbors,2025-01-23T08:00:00,73,0,0.0,False,7,1.0,1.0
january_2025,SCEG,sentinel_v3_profile_neighbors,2025-01-23T08:00:00,73,0,0.0,False,7,1.0,1.0
january_2025,SCEG,sentinel_v3_profile_weather,2025-01-23T08:00:00,73,0,0.0,False,7,1.0,1.0
january_2025,SCEG,sentinel_v3_regime_only,2025-01-23T08:00:00,73,0,0.0,False,7,1.0,1.0
january_2025,SCEG,sentinel_v2,2025-01-23T08:00:00,73,1,0.0136986301369863,False,7,1.0,0.8888888888888888
january_2025,SCEG,modified_zscore,2025-01-23T08:00:00,73,0,0.0,False,7,1.0,1.0
january_2025,SCEG,relative_deviation,2025-01-23T08:00:00,73,0,0.0,False,7,0.8571428571428571,0.75
january_2025,SCEG,teda_level,2025-01-23T08:00:00,73,0,0.0,False,7,1.0,1.0
january_2025,SCEG,autoencoder,2025-01-23T08:00:00,73,0,0.0,False,7,0.8571428571428571,0.75
january_2025,SCL,sentinel_v3,2025-01-21T08:00:00,73,0,0.0,False,11,1.0,1.0
january_2025,SCL,sentinel_v3_distance_neighbors,2025-01-21T08:00:00,73,0,0.0,False,11,1.0,1.0
january_2025,SCL,sentinel_v3_profile_neighbors,2025-01-21T08:00:00,73,0,0.0,False,11,1.0,1.0
january_2025,SCL,sentinel_v3_profile_weather,2025-01-21T08:00:00,73,0,0.0,False,11,1.0,1.0
january_2025,SCL,sentinel_v3_regime_only,2025-01-21T08:00:00,73,0,0.0,False,11,1.0,1.0
january_2025,SCL,sentinel_v2,2025-01-21T08:00:00,73,0,0.0,False,11,1.0,1.0
january_2025,SCL,modified_zscore,2025-01-21T08:00:00,73,0,0.0,False,11,0.0,0.0
january_2025,SCL,relative_deviation,2025-01-21T08:00:00,73,0,0.0,False,11,0.0,0.0
january_2025,SCL,teda_level,2025-01-21T08:00:00,73,0,0.0,False,11,0.0,0.0
january_2025,SCL,autoencoder,2025-01-21T08:00:00,73,4,0.0547945205479452,False,11,0.18181818181818182,0.4
january_2025,SOCO,sentinel_v3,2025-01-22T07:00:00,73,0,0.0,False,1,1.0,1.0
january_2025,SOCO,sentinel_v3_distance_neighbors,2025-01-22T07:00:00,73,0,0.0,False,1,1.0,1.0
january_2025,SOCO,sentinel_v3_profile_neighbors,2025-01-22T07:00:00,73,0,0.0,False,1,1.0,1.0
january_2025,SOCO,sentinel_v3_profile_weather,2025-01-22T07:00:00,73,0,0.0,False,1,1.0,1.0
january_2025,SOCO,sentinel_v3_regime_only,2025-01-22T07:00:00,73,0,0.0,False,1,1.0,1.0
january_2025,SOCO,sentinel_v2,2025-01-22T07:00:00,73,0,0.0,False,1,1.0,1.0
january_2025,SOCO,modified_zscore,2025-01-22T07:00:00,73,0,0.0,False,1,1.0,1.0
january_2025,SOCO,relative_deviation,2025-01-22T07:00:00,73,0,0.0,False,1,1.0,0.6
january_2025,SOCO,teda_level,2025-01-22T07:00:00,73,0,0.0,False,1,1.0,1.0
january_2025,SOCO,autoencoder,2025-01-22T07:00:00,73,0,0.0,False,1,1.0,0.6
january_2025,SRP,sentinel_v3,2025-01-22T07:00:00,72,0,0.0,False,7,1.0,1.0
january_2025,SRP,sentinel_v3_distance_neighbors,2025-01-22T07:00:00,72,0,0.0,False,7,1.0,1.0
january_2025,SRP,sentinel_v3_profile_neighbors,2025-01-22T07:00:00,72,0,0.0,False,7,1.0,1.0
january_2025,SRP,sentinel_v3_profile_weather,2025-01-22T07:00:00,72,0,0.0,False,7,1.0,1.0
january_2025,SRP,sentinel_v3_regime_only,2025-01-22T07:00:00,72,0,0.0,False,7,1.0,1.0
january_2025,SRP,sentinel_v2,2025-01-22T07:00:00,72,0,0.0,False,7,1.0,1.0
january_2025,SRP,modified_zscore,2025-01-22T07:00:00,72,0,0.0,False,7,1.0,1.0
january_2025,SRP,relative_deviation,2025-01-22T07:00:00,72,0,0.0,False,7,0.8571428571428571,0.75
january_2025,SRP,teda_level,2025-01-22T07:00:00,72,0,0.0,False,7,1.0,1.0
january_2025,SRP,autoencoder,2025-01-22T07:00:00,72,0,0.0,False,7,0.5714285714285714,1.0
january_2025,SWPP,sentinel_v3,2025-01-21T07:00:00,73,0,0.0,False,1,1.0,1.0
january_2025,SWPP,sentinel_v3_distance_neighbors,2025-01-21T07:00:00,73,0,0.0,False,1,1.0,1.0
january_2025,SWPP,sentinel_v3_profile_neighbors,2025-01-21T07:00:00,73,0,0.0,False,1,1.0,1.0
january_2025,SWPP,sentinel_v3_profile_weather,2025-01-21T07:00:00,73,0,0.0,False,1,1.0,1.0
january_2025,SWPP,sentinel_v3_regime_only,2025-01-21T07:00:00,73,0,0.0,False,1,1.0,1.0
january_2025,SWPP,sentinel_v2,2025-01-21T07:00:00,73,0,0.0,False,1,1.0,1.0
january_2025,SWPP,modified_zscore,2025-01-21T07:00:00,73,0,0.0,False,1,1.0,1.0
january_2025,SWPP,relative_deviation,2025-01-21T07:00:00,73,0,0.0,False,1,1.0,1.0
january_2025,SWPP,teda_level,2025-01-21T07:00:00,73,0,0.0,False,1,0.0,0.0
january_2025,SWPP,autoencoder,2025-01-21T07:00:00,73,0,0.0,False,1,1.0,1.0
january_2025,TEC,sentinel_v3,2025-01-22T18:00:00,73,0,0.0,False,2,1.0,1.0
january_2025,TEC,sentinel_v3_distance_neighbors,2025-01-22T18:00:00,73,0,0.0,False,2,1.0,1.0
january_2025,TEC,sentinel_v3_profile_neighbors,2025-01-22T18:00:00,73,1,0.0136986301369863,False,2,1.0,0.75
january_2025,TEC,sentinel_v3_profile_weather,2025-01-22T18:00:00,73,0,0.0,False,2,1.0,1.0
january_2025,TEC,sentinel_v3_regime_only,2025-01-22T18:00:00,73,0,0.0,False,2,1.0,1.0
january_2025,TEC,sentinel_v2,2025-01-22T18:00:00,73,2,0.0273972602739726,False,2,1.0,0.75
january_2025,TEC,modified_zscore,2025-01-22T18:00:00,73,11,0.1506849315068493,True,2,1.0,0.15384615384615385
january_2025,TEC,relative_deviation,2025-01-22T18:00:00,73,0,0.0,False,2,1.0,0.6666666666666666
january_2025,TEC,teda_level,2025-01-22T18:00:00,73,0,0.0,False,2,1.0,1.0
january_2025,TEC,autoencoder,2025-01-22T18:00:00,73,0,0.0,False,2,1.0,1.0
january_2025,TEPC,sentinel_v3,2025-01-23T07:00:00,73,0,0.0,False,3,1.0,1.0
january_2025,TEPC,sentinel_v3_distance_neighbors,2025-01-23T07:00:00,73,0,0.0,False,3,1.0,1.0
january_2025,TEPC,sentinel_v3_profile_neighbors,2025-01-23T07:00:00,73,0,0.0,False,3,1.0,1.0
january_2025,TEPC,sentinel_v3_profile_weather,2025-01-23T07:00:00,73,0,0.0,False,3,1.0,1.0
january_2025,TEPC,sentinel_v3_regime_only,2025-01-23T07:00:00,73,0,0.0,False,3,1.0,1.0
january_2025,TEPC,sentinel_v2,2025-01-23T07:00:00,73,0,0.0,False,3,1.0,1.0
january_2025,TEPC,modified_zscore,2025-01-23T07:00:00,73,0,0.0,False,3,1.0,1.0
january_2025,TEPC,relative_deviation,2025-01-23T07:00:00,73,2,0.0273972602739726,False,3,1.0,0.7142857142857143
january_2025,TEPC,teda_level,2025-01-23T07:00:00,73,0,0.0,False,3,1.0,1.0
january_2025,TEPC,autoencoder,2025-01-23T07:00:00,73,4,0.0547945205479452,False,3,1.0,1.0
january_2025,TPWR,sentinel_v3,2025-01-22T07:00:00,73,0,0.0,False,11,1.0,1.0
january_2025,TPWR,sentinel_v3_distance_neighbors,2025-01-22T07:00:00,73,0,0.0,False,11,1.0,1.0
january_2025,TPWR,sentinel_v3_profile_neighbors,2025-01-22T07:00:00,73,0,0.0,False,11,1.0,1.0
january_2025,TPWR,sentinel_v3_profile_weather,2025-01-22T07:00:00,73,0,0.0,False,11,1.0,1.0
january_2025,TPWR,sentinel_v3_regime_only,2025-01-22T07:00:00,73,0,0.0,False,11,1.0,1.0
january_2025,TPWR,sentinel_v2,2025-01-22T07:00:00,73,0,0.0,False,11,1.0,1.0
january_2025,TPWR,modified_zscore,2025-01-22T07:00:00,73,0,0.0,False,11,0.0,0.0
january_2025,TPWR,relative_deviation,2025-01-22T07:00:00,73,0,0.0,False,11,0.0,0.0
january_2025,TPWR,teda_level,2025-01-22T07:00:00,73,0,0.0,False,11,0.0,0.0
january_2025,TPWR,autoencoder,2025-01-22T07:00:00,73,2,0.0273972602739726,True,11,0.0,0.0
january_2025,TVA,sentinel_v3,2025-01-22T07:00:00,73,0,0.0,False,1,1.0,1.0
january_2025,TVA,sentinel_v3_distance_neighbors,2025-01-22T07:00:00,73,0,0.0,False,1,1.0,1.0
january_2025,TVA,sentinel_v3_profile_neighbors,2025-01-22T07:00:00,73,0,0.0,False,1,1.0,1.0
january_2025,TVA,sentinel_v3_profile_weather,2025-01-22T07:00:00,73,0,0.0,False,1,1.0,1.0
january_2025,TVA,sentinel_v3_regime_only,2025-01-22T07:00:00,73,0,0.0,False,1,1.0,1.0
january_2025,TVA,sentinel_v2,2025-01-22T07:00:00,73,0,0.0,False,1,1.0,1.0
january_2025,TVA,modified_zscore,2025-01-22T07:00:00,73,0,0.0,False,1,1.0,1.0
january_2025,TVA,relative_deviation,2025-01-22T07:00:00,73,0,0.0,False,1,1.0,0.6
january_2025,TVA,teda_level,2025-01-22T07:00:00,73,0,0.0,False,1,1.0,1.0
january_2025,TVA,autoencoder,2025-01-22T07:00:00,73,8,0.1095890410958904,True,1,1.0,0.3
january_2025,WACM,sentinel_v3,2025-01-20T19:00:00,73,0,0.0,False,1,1.0,1.0
january_2025,WACM,sentinel_v3_distance_neighbors,2025-01-20T19:00:00,73,0,0.0,False,1,1.0,1.0
january_2025,WACM,sentinel_v3_profile_neighbors,2025-01-20T19:00:00,73,0,0.0,False,1,1.0,1.0
january_2025,WACM,sentinel_v3_profile_weather,2025-01-20T19:00:00,73,0,0.0,False,1,1.0,1.0
january_2025,WACM,sentinel_v3_regime_only,2025-01-20T19:00:00,73,0,0.0,False,1,1.0,1.0
january_2025,WACM,sentinel_v2,2025-01-20T19:00:00,73,0,0.0,False,1,1.0,1.0
january_2025,WACM,modified_zscore,2025-01-20T19:00:00,73,0,0.0,False,1,1.0,1.0
january_2025,WACM,relative_deviation,2025-01-20T19:00:00,73,0,0.0,False,1,1.0,0.6
january_2025,WACM,teda_level,2025-01-20T19:00:00,73,0,0.0,False,1,1.0,1.0
january_2025,WACM,autoencoder,2025-01-20T19:00:00,73,0,0.0,False,1,1.0,0.6
january_2025,WALC,sentinel_v3,2025-01-22T07:00:00,73,0,0.0,False,1,1.0,1.0
january_2025,WALC,sentinel_v3_distance_neighbors,2025-01-22T07:00:00,73,0,0.0,False,1,1.0,1.0
january_2025,WALC,sentinel_v3_profile_neighbors,2025-01-22T07:00:00,73,0,0.0,False,1,1.0,1.0
january_2025,WALC,sentinel_v3_profile_weather,2025-01-22T07:00:00,73,0,0.0,False,1,1.0,1.0
january_2025,WALC,sentinel_v3_regime_only,2025-01-22T07:00:00,73,0,0.0,False,1,1.0,1.0
january_2025,WALC,sentinel_v2,2025-01-22T07:00:00,73,0,0.0,False,1,1.0,1.0
january_2025,WALC,modified_zscore,2025-01-22T07:00:00,73,0,0.0,False,1,1.0,1.0
january_2025,WALC,relative_deviation,2025-01-22T07:00:00,73,3,0.0410958904109589,True,1,1.0,0.2857142857142857
january_2025,WALC,teda_level,2025-01-22T07:00:00,73,0,0.0,False,1,1.0,1.0
january_2025,WALC,autoencoder,2025-01-22T07:00:00,73,0,0.0,False,1,1.0,1.0
